word,unified_rank,moe_level,ngsl_rank
the,0.8,1,1
of,1.6,1,2
and,2.4000000000000004,1,3
to,3.2,1,4
in,4.800000000000001,1,6
for,5.6000000000000005,1,7
on,7.2,1,9
that,8.0,1,10
by,8.8,1,11
this,9.600000000000001,1,12
with,10.4,1,13
i,11.200000000000001,1,14
you,12.0,1,15
it,12.8,1,16
not,13.600000000000001,1,17
or,14.4,1,18
be,15.200000000000001,1,19
are,16.0,1,20
from,16.8,1,21
at,17.6,1,22
as,18.400000000000002,1,23
your,19.200000000000003,1,24
all,20.0,1,25
have,20.8,1,26
new,21.6,1,27
more,22.400000000000002,1,28
we,24.8,1,31
will,25.6,1,32
home,26.400000000000002,1,33
can,27.200000000000003,1,34
us,28.0,1,35
about,28.8,1,36
if,29.6,1,37
page,30.400000000000002,1,38
my,31.200000000000003,1,39
has,32.0,1,40
search,32.800000000000004,1,41
free,33.6,1,42
but,34.4,1,43
our,35.2,1,44
one,36.0,1,45
other,36.800000000000004,1,46
do,37.6,1,47
no,38.400000000000006,1,48
information,39.2,1,49
time,40.0,1,50
they,40.800000000000004,1,51
site,41.6,1,52
he,42.400000000000006,1,53
up,43.2,1,54
may,44.0,1,55
what,44.800000000000004,1,56
which,45.6,1,57
their,46.400000000000006,1,58
news,47.2,1,59
out,48.0,1,60
use,48.800000000000004,1,61
any,49.6,1,62
there,50.400000000000006,1,63
see,51.2,1,64
only,52.0,1,65
so,52.800000000000004,1,66
his,53.6,1,67
when,54.400000000000006,1,68
contact,55.2,1,69
here,56.0,1,70
business,56.800000000000004,1,71
who,57.6,1,72
web,58.400000000000006,1,73
also,59.2,1,74
now,60.0,1,75
help,60.800000000000004,1,76
get,61.6,1,77
view,63.2,1,79
online,64.0,1,80
first,66.4,1,83
am,67.2,1,84
been,68.0,1,85
would,68.8,1,86
how,69.60000000000001,1,87
me,71.2,1,89
some,73.60000000000001,1,92
these,74.4,1,93
click,75.2,1,94
its,76.0,1,95
like,76.80000000000001,1,96
service,77.60000000000001,1,97
than,79.2,1,99
find,80.0,1,100
price,80.80000000000001,1,101
date,81.60000000000001,1,102
back,82.4,1,103
top,83.2,1,104
people,84.0,1,105
had,84.80000000000001,1,106
list,85.60000000000001,1,107
name,86.4,1,108
just,87.2,1,109
over,88.0,1,110
state,88.80000000000001,1,111
year,89.60000000000001,1,112
day,90.4,1,113
into,91.2,1,114
email,92.0,1,115
two,92.80000000000001,1,116
health,93.60000000000001,1,117
world,95.2,1,119
next,96.80000000000001,1,121
used,97.60000000000001,1,122
go,98.4,1,123
work,100.0,1,125
last,100.80000000000001,1,126
most,101.60000000000001,1,127
music,103.2,1,129
buy,104.0,1,130
data,104.80000000000001,1,131
make,105.60000000000001,1,132
them,106.4,1,133
should,107.2,1,134
product,108.0,1,135
system,108.80000000000001,1,136
post,109.60000000000001,1,137
her,110.4,1,138
city,111.2,1,139
add,112.80000000000001,1,141
policy,113.60000000000001,1,142
number,114.4,1,143
such,115.2,1,144
please,116.0,1,145
available,116.80000000000001,1,146
copyright,117.60000000000001,1,147
support,118.4,1,148
message,119.2,1,149
after,120.0,1,150
best,120.80000000000001,1,151
then,122.4,1,153
jan,123.2,1,154
good,124.0,1,155
video,124.80000000000001,1,156
well,125.60000000000001,1,157
where,127.2,1,159
info,128.0,1,160
public,129.6,1,162
books,130.4,1,163
high,131.20000000000002,1,164
through,132.8,1,166
each,134.4,1,168
she,136.0,1,170
review,136.8,1,171
order,138.4,1,173
very,139.20000000000002,1,174
book,140.8,1,176
items,141.6,1,177
company,142.4,1,178
read,144.0,1,180
group,144.8,1,181
sex,145.6,1,182
need,146.4,1,183
many,147.20000000000002,1,184
user,148.0,1,185
does,150.4,1,188
set,151.20000000000002,1,189
under,152.0,1,190
general,152.8,1,191
research,153.60000000000002,1,192
university,154.4,1,193
january,155.20000000000002,1,194
mail,156.0,1,195
full,156.8,1,196
map,157.60000000000002,1,197
program,159.20000000000002,1,199
life,160.0,1,200
know,160.8,1,201
games,161.60000000000002,1,202
way,162.4,1,203
days,163.20000000000002,1,204
management,164.0,1,205
part,165.60000000000002,1,207
could,166.4,1,208
great,167.20000000000002,1,209
united,168.0,1,210
hotel,168.8,1,211
real,169.60000000000002,1,212
item,171.20000000000002,1,214
international,172.0,1,215
center,172.8,1,216
ebay,173.60000000000002,1,217
must,174.4,1,218
store,175.20000000000002,1,219
travel,176.0,1,220
comments,176.8,1,221
development,178.4,1,223
report,179.20000000000002,1,224
off,180.0,1,225
member,180.8,1,226
details,181.60000000000002,1,227
line,182.4,1,228
before,184.0,1,230
hotels,184.8,1,231
did,185.60000000000002,1,232
send,186.4,1,233
right,187.20000000000002,1,234
type,188.0,1,235
because,188.8,1,236
local,189.60000000000002,1,237
office,192.8,1,241
education,193.60000000000002,1,242
national,194.4,1,243
car,195.20000000000002,1,244
design,196.0,1,245
take,196.8,1,246
internet,198.4,1,248
address,199.20000000000002,1,249
community,200.0,1,250
within,200.8,1,251
area,202.4,1,253
want,203.20000000000002,1,254
phone,204.0,1,255
dvd,204.8,1,256
subject,207.20000000000002,1,259
between,208.0,1,260
forum,208.8,1,261
family,209.60000000000002,1,262
long,211.20000000000002,1,264
based,212.0,1,265
code,213.60000000000002,1,267
show,214.4,1,268
even,216.0,1,270
black,216.8,1,271
check,217.60000000000002,1,272
special,218.4,1,273
website,220.0,1,275
index,220.8,1,276
being,221.60000000000002,1,277
much,223.20000000000002,1,279
sign,224.0,1,280
file,224.8,1,281
link,225.60000000000002,1,282
open,226.4,1,283
today,227.20000000000002,1,284
technology,228.0,1,285
south,228.8,1,286
case,229.60000000000002,1,287
project,230.4,1,288
same,231.20000000000002,1,289
version,233.60000000000002,1,292
section,234.4,1,293
own,235.20000000000002,1,294
found,236.0,1,295
house,237.60000000000002,1,297
related,238.4,1,298
security,239.20000000000002,1,299
both,240.0,1,300
county,241.60000000000002,1,302
american,242.4,1,303
photo,243.20000000000002,1,304
game,244.0,1,305
power,245.60000000000002,1,307
while,246.4,1,308
care,247.20000000000002,1,309
network,248.0,1,310
down,248.8,1,311
computer,249.60000000000002,1,312
three,251.20000000000002,1,314
total,252.0,1,315
place,252.8,1,316
end,253.60000000000002,1,317
following,254.4,1,318
download,255.20000000000002,1,319
him,256.8,1,321
without,257.6,1,322
per,258.40000000000003,1,323
access,259.2,1,324
think,260.0,1,325
north,260.8,1,326
current,262.40000000000003,1,328
big,264.0,1,330
media,264.8,1,331
law,265.6,1,332
control,266.40000000000003,1,333
water,267.2,1,334
history,268.0,1,335
size,269.6,1,337
art,270.40000000000003,1,338
personal,271.2,1,339
since,272.0,1,340
including,272.8,1,341
guide,273.6,1,342
shop,274.40000000000003,1,343
directory,275.2,1,344
board,276.0,1,345
location,276.8,1,346
change,277.6,1,347
white,278.40000000000003,1,348
text,279.2,1,349
small,280.0,1,350
rate,281.6,1,352
government,282.40000000000003,1,353
children,283.2,1,354
during,284.0,1,355
return,285.6,1,357
shopping,288.0,1,360
account,288.8,1,361
level,291.2,1,364
digital,292.0,1,365
previous,293.6,1,367
form,294.40000000000003,1,368
events,295.2,1,369
love,296.0,1,370
old,296.8,1,371
john,297.6,1,372
main,298.40000000000003,1,373
call,299.2,1,374
hours,300.0,1,375
image,300.8,1,376
department,301.6,1,377
title,302.40000000000003,1,378
description,303.2,1,379
insurance,306.40000000000003,1,383
another,307.20000000000005,1,384
why,308.0,1,385
shall,308.8,1,386
property,309.6,1,387
class,310.40000000000003,1,388
cd,311.20000000000005,1,389
still,312.0,1,390
money,312.8,1,391
quality,313.6,1,392
every,314.40000000000003,1,393
content,316.0,1,395
country,316.8,1,396
private,317.6,1,397
little,318.40000000000003,1,398
visit,319.20000000000005,1,399
save,320.0,1,400
low,321.6,1,402
reply,322.40000000000003,1,403
customer,323.20000000000005,1,404
december,324.0,1,405
compare,324.8,1,406
include,326.40000000000003,1,408
college,327.20000000000005,1,409
value,328.0,1,410
article,328.8,1,411
man,330.40000000000003,1,413
card,331.20000000000005,1,414
jobs,332.0,1,415
provide,332.8,1,416
food,334.40000000000003,1,418
source,335.20000000000005,1,419
author,336.0,1,420
different,336.8,1,421
press,337.6,1,422
learn,339.20000000000005,1,424
sale,340.0,1,425
around,340.8,1,426
print,341.6,1,427
course,342.40000000000003,1,428
job,343.20000000000005,1,429
canada,344.0,1,430
process,344.8,1,431
room,346.40000000000003,1,433
stock,347.20000000000005,1,434
training,348.0,1,435
too,348.8,1,436
credit,349.6,1,437
point,350.40000000000003,1,438
join,351.20000000000005,1,439
science,352.0,1,440
categories,353.6,1,442
advanced,354.40000000000003,1,443
west,355.20000000000005,1,444
look,356.8,1,446
english,357.6,1,447
left,358.40000000000003,1,448
team,359.20000000000005,1,449
estate,360.0,1,450
box,360.8,1,451
conditions,361.6,1,452
select,362.40000000000003,1,453
gay,364.8,1,456
thread,365.6,1,457
week,366.40000000000003,1,458
category,367.20000000000005,1,459
note,368.0,1,460
live,368.8,1,461
large,369.6,1,462
gallery,370.40000000000003,1,463
table,371.20000000000005,1,464
register,372.0,1,465
however,372.8,1,466
june,373.6,1,467
october,374.40000000000003,1,468
november,375.20000000000005,1,469
market,376.0,1,470
library,376.8,1,471
really,377.6,1,472
action,378.40000000000003,1,473
start,379.20000000000005,1,474
model,380.8,1,476
features,381.6,1,477
air,382.40000000000003,1,478
industry,383.20000000000005,1,479
plan,384.0,1,480
human,384.8,1,481
provided,385.6,1,482
tv,386.40000000000003,1,483
yes,387.20000000000005,1,484
second,388.8,1,486
hot,389.6,1,487
accessories,390.40000000000003,1,488
cost,391.20000000000005,1,489
movie,392.0,1,490
forums,392.8,1,491
march,393.6,1,492
september,395.20000000000005,1,494
better,396.0,1,495
say,396.8,1,496
july,398.40000000000003,1,498
going,400.0,1,500
medical,400.8,1,501
test,401.6,1,502
friend,402.40000000000003,1,503
come,403.20000000000005,1,504
dec,404.0,1,505
study,406.40000000000003,1,508
application,407.20000000000005,1,509
cart,408.0,1,510
staff,408.8,1,511
articles,409.6,1,512
feedback,411.20000000000005,1,514
again,412.0,1,515
play,412.8,1,516
april,415.20000000000005,1,519
never,416.0,1,520
complete,417.6,1,522
street,418.40000000000003,1,523
topic,419.20000000000005,1,524
comment,420.0,1,525
financial,420.8,1,526
working,422.40000000000003,1,528
against,423.20000000000005,1,529
standard,424.0,1,530
tax,424.8,1,531
person,425.6,1,532
below,426.40000000000003,1,533
mobile,427.20000000000005,1,534
less,428.0,1,535
got,428.8,1,536
blog,429.6,1,537
party,430.40000000000003,1,538
payment,431.20000000000005,1,539
equipment,432.0,1,540
student,433.6,1,542
let,434.40000000000003,1,543
legal,436.8,1,546
above,437.6,1,547
recent,438.40000000000003,1,548
park,439.20000000000005,1,549
side,440.8,1,551
act,441.6,1,552
problem,442.40000000000003,1,553
give,444.0,1,555
memory,444.8,1,556
performance,445.6,1,557
social,446.40000000000003,1,558
august,448.0,1,560
quote,448.8,1,561
language,449.6,1,562
story,450.40000000000003,1,563
sell,451.20000000000005,1,564
experience,452.8,1,566
create,454.40000000000003,1,568
key,455.20000000000005,1,569
body,456.0,1,570
young,456.8,1,571
america,457.6,1,572
important,458.40000000000003,1,573
field,459.20000000000005,1,574
few,460.0,1,575
east,460.8,1,576
paper,461.6,1,577
single,462.40000000000003,1,578
age,464.0,1,580
activities,464.8,1,581
club,465.6,1,582
example,466.40000000000003,1,583
girls,467.20000000000005,1,584
additional,468.0,1,585
latest,470.40000000000003,1,588
something,471.20000000000005,1,589
road,472.0,1,590
gift,472.8,1,591
question,473.6,1,592
changes,474.40000000000003,1,593
night,475.20000000000005,1,594
hard,476.8,1,596
pay,479.20000000000005,1,599
four,480.0,1,600
status,481.6,1,602
browse,482.40000000000003,1,603
issue,483.20000000000005,1,604
range,484.0,1,605
building,484.8,1,606
court,486.40000000000003,1,608
february,487.20000000000005,1,609
always,488.0,1,610
result,488.8,1,611
audio,489.6,1,612
light,490.40000000000003,1,613
write,491.20000000000005,1,614
war,492.0,1,615
offer,493.6,1,617
blue,494.40000000000003,1,618
groups,495.20000000000005,1,619
easy,496.8,1,621
given,497.6,1,622
files,498.40000000000003,1,623
event,499.20000000000005,1,624
release,500.0,1,625
analysis,500.8,1,626
request,501.6,1,627
fax,502.40000000000003,1,628
china,503.20000000000005,1,629
picture,504.8,1,631
possible,506.40000000000003,1,633
might,507.20000000000005,1,634
professional,508.0,1,635
yet,508.8,1,636
month,509.6,1,637
major,510.40000000000003,1,638
star,511.20000000000005,1,639
areas,512.0,1,640
future,512.8000000000001,1,641
space,513.6,1,642
committee,514.4,1,643
hand,515.2,1,644
sun,516.0,1,645
cards,516.8000000000001,1,646
meeting,520.0,1,650
become,521.6,1,652
interest,522.4,1,653
child,524.0,1,655
keep,524.8000000000001,1,656
enter,525.6,1,657
california,526.4,1,658
share,528.0,1,660
similar,528.8000000000001,1,661
garden,529.6,1,662
million,531.2,1,664
added,532.0,1,665
reference,532.8000000000001,1,666
companies,533.6,1,667
baby,535.2,1,669
energy,536.8000000000001,1,671
run,537.6,1,672
delivery,538.4,1,673
net,539.2,1,674
popular,540.0,1,675
term,540.8000000000001,1,676
film,541.6,1,677
put,543.2,1,679
computers,544.0,1,680
try,547.2,1,684
welcome,548.0,1,685
central,548.8000000000001,1,686
images,549.6,1,687
president,550.4,1,688
notice,551.2,1,689
god,552.0,1,690
original,552.8000000000001,1,691
head,553.6,1,692
radio,554.4,1,693
until,555.2,1,694
cell,556.0,1,695
color,556.8000000000001,1,696
self,557.6,1,697
council,558.4,1,698
away,559.2,1,699
includes,560.0,1,700
track,560.8000000000001,1,701
australia,561.6,1,702
discussion,562.4,1,703
archive,563.2,1,704
once,564.0,1,705
entertainment,565.6,1,707
agreement,566.4,1,708
format,567.2,1,709
least,568.0,1,710
society,568.8000000000001,1,711
log,570.4,1,713
safety,571.2,1,714
friends,572.0,1,715
sure,572.8000000000001,1,716
faq,573.6,1,717
trade,574.4,1,718
edition,575.2,1,719
cars,576.0,1,720
marketing,577.6,1,722
tell,578.4,1,723
further,579.2,1,724
association,580.8000000000001,1,726
able,581.6,1,727
having,582.4,1,728
david,584.0,1,730
fun,584.8000000000001,1,731
already,585.6,1,732
green,586.4,1,733
close,588.0,1,735
common,588.8000000000001,1,736
drive,589.6,1,737
specific,590.4,1,738
several,591.2,1,739
gold,592.0,1,740
feb,592.8000000000001,1,741
living,593.6,1,742
collection,595.2,1,744
called,596.0,1,745
short,596.8000000000001,1,746
arts,597.6,1,747
lot,598.4,1,748
ask,599.2,1,749
display,600.0,1,750
limited,600.8000000000001,1,751
means,603.2,1,754
director,604.0,1,755
daily,604.8000000000001,1,756
beach,605.6,1,757
past,606.4,1,758
natural,607.2,1,759
whether,608.0,1,760
due,608.8000000000001,1,761
electronics,610.4,1,763
five,611.2,1,764
upon,612.0,1,765
period,612.8000000000001,1,766
planning,613.6,1,767
database,614.4000000000001,1,768
official,616.0,1,770
weather,616.8000000000001,1,771
land,618.4000000000001,1,773
average,619.2,1,774
done,620.0,1,775
technical,620.8000000000001,1,776
window,621.6,1,777
france,622.4000000000001,1,778
region,624.0,1,780
island,624.8000000000001,1,781
record,625.6,1,782
direct,626.4000000000001,1,783
conference,628.0,1,785
environment,628.8000000000001,1,786
district,631.2,1,789
calendar,632.0,1,790
costs,632.8000000000001,1,791
style,633.6,1,792
front,635.2,1,794
statement,636.0,1,795
aug,638.4000000000001,1,798
ever,639.2,1,799
downloads,640.0,1,800
early,640.8000000000001,1,801
sound,642.4000000000001,1,803
resource,643.2,1,804
present,644.0,1,805
applications,644.8000000000001,1,806
either,645.6,1,807
ago,646.4000000000001,1,808
document,647.2,1,809
word,648.0,1,810
material,649.6,1,812
bill,650.4000000000001,1,813
apr,651.2,1,814
written,652.0,1,815
talk,652.8000000000001,1,816
federal,653.6,1,817
hosting,654.4000000000001,1,818
final,656.0,1,820
adult,656.8000000000001,1,821
thing,658.4000000000001,1,823
centre,659.2,1,824
via,660.8000000000001,1,826
cheap,661.6,1,827
finance,664.0,1,830
true,664.8000000000001,1,831
else,666.4000000000001,1,833
mark,667.2,1,834
third,668.0,1,835
rock,668.8000000000001,1,836
gifts,669.6,1,837
europe,670.4000000000001,1,838
reading,671.2,1,839
bad,672.8000000000001,1,841
individual,673.6,1,842
plus,675.2,1,844
auto,676.0,1,845
cover,676.8000000000001,1,846
usually,677.6,1,847
edit,678.4000000000001,1,848
together,679.2,1,849
percent,680.8000000000001,1,851
fast,681.6,1,852
function,682.4000000000001,1,853
fact,683.2,1,854
unit,684.0,1,855
getting,684.8000000000001,1,856
global,685.6,1,857
meet,687.2,1,859
far,688.0,1,860
economic,688.8000000000001,1,861
player,690.4000000000001,1,863
often,692.8000000000001,1,866
submit,694.4000000000001,1,868
germany,695.2,1,869
amount,696.0,1,870
watch,696.8000000000001,1,871
feel,698.4000000000001,1,873
though,699.2,1,874
bank,700.0,1,875
risk,700.8000000000001,1,876
thanks,701.6,1,877
everything,702.4000000000001,1,878
deals,703.2,1,879
various,704.0,1,880
production,707.2,1,884
commercial,708.0,1,885
weight,709.6,1,887
town,710.4000000000001,1,888
heart,711.2,1,889
advertising,712.0,1,890
choose,713.6,1,892
treatment,714.4000000000001,1,893
archives,716.0,1,895
knowledge,717.6,1,897
magazine,718.4000000000001,1,898
error,719.2,1,899
camera,720.0,1,900
girl,721.6,1,902
currently,722.4000000000001,1,903
construction,723.2,1,904
clear,725.6,1,907
golf,726.4000000000001,1,908
receive,727.2,1,909
domain,728.0,1,910
chapter,729.6,1,912
protection,731.2,1,914
loan,732.8000000000001,1,916
wide,733.6,1,917
beauty,734.4000000000001,1,918
manager,735.2,1,919
position,736.8000000000001,1,921
sort,738.4000000000001,1,923
half,742.4000000000001,1,928
cases,743.2,1,929
step,744.0,1,930
engineering,744.8000000000001,1,931
florida,745.6,1,932
simple,746.4000000000001,1,933
quick,747.2,1,934
none,748.0,1,935
license,749.6,1,937
friday,751.2,1,939
lake,752.0,1,940
whole,752.8000000000001,1,941
annual,753.6,1,942
later,755.2,1,944
basic,756.0,1,945
corporate,758.4000000000001,1,948
google,759.2,1,949
church,760.0,1,950
method,760.8000000000001,1,951
purchase,761.6,1,952
customers,762.4000000000001,1,953
active,763.2,1,954
response,764.0,1,955
practice,764.8000000000001,1,956
hardware,765.6,1,957
figure,766.4000000000001,1,958
fire,768.0,1,960
holiday,768.8000000000001,1,961
chat,769.6,1,962
enough,770.4000000000001,1,963
designed,771.2,1,964
along,772.0,1,965
among,772.8000000000001,1,966
death,773.6,1,967
writing,774.4000000000001,1,968
speed,775.2,1,969
countries,776.8000000000001,1,971
loss,777.6,1,972
face,778.4000000000001,1,973
brand,779.2,1,974
discount,780.0,1,975
higher,780.8000000000001,1,976
effects,781.6,1,977
created,782.4000000000001,1,978
remember,783.2,1,979
oil,784.8000000000001,1,981
bit,785.6,1,982
yellow,786.4000000000001,1,983
political,787.2,1,984
increase,788.0,1,985
advertise,788.8000000000001,1,986
base,790.4000000000001,1,988
near,791.2,1,989
environmental,792.0,1,990
thought,792.8000000000001,1,991
stuff,793.6,1,992
french,794.4000000000001,1,993
oh,796.0,1,995
doing,797.6,1,997
entry,800.0,1,1000
stay,800.8000000000001,1,1001
nature,801.6,1,1002
availability,803.2,1,1004
africa,804.0,1,1005
summary,804.8000000000001,1,1006
turn,805.6,1,1007
mean,806.4000000000001,1,1008
growth,807.2,1,1009
agency,808.8000000000001,1,1011
king,809.6,1,1012
monday,810.4000000000001,1,1013
european,811.2,1,1014
activity,812.0,1,1015
copy,812.8000000000001,1,1016
although,813.6,1,1017
drug,814.4000000000001,1,1018
western,816.0,1,1020
income,816.8000000000001,1,1021
force,817.6,1,1022
cash,818.4000000000001,1,1023
employment,819.2,1,1024
overall,820.0,1,1025
bay,820.8000000000001,1,1026
river,821.6,1,1027
commission,822.4000000000001,1,1028
ad,823.2,1,1029
package,824.0,1,1030
contents,824.8000000000001,1,1031
engine,827.2,1,1034
port,828.0,1,1035
album,828.8000000000001,1,1036
regional,829.6,1,1037
stop,830.4000000000001,1,1038
administration,832.8000000000001,1,1041
bar,833.6,1,1042
institute,834.4000000000001,1,1043
double,836.8000000000001,1,1046
dog,837.6,1,1047
build,838.4000000000001,1,1048
screen,839.2,1,1049
exchange,840.0,1,1050
soon,841.6,1,1052
electronic,844.0,1,1055
continue,844.8000000000001,1,1056
across,845.6,1,1057
benefits,846.4000000000001,1,1058
season,848.0,1,1060
apply,848.8000000000001,1,1061
someone,849.6,1,1062
anything,852.0,1,1065
printer,852.8000000000001,1,1066
condition,853.6,1,1067
effective,854.4000000000001,1,1068
believe,855.2,1,1069
organization,856.0,1,1070
effect,856.8000000000001,1,1071
asked,857.6,1,1072
eur,858.4000000000001,1,1073
mind,859.2,1,1074
sunday,860.0,1,1075
selection,860.8000000000001,1,1076
casino,861.6,1,1077
lost,863.2,1,1079
tour,864.0,1,1080
menu,864.8000000000001,1,1081
volume,865.6,1,1082
cross,866.4000000000001,1,1083
anyone,867.2,1,1084
hope,868.8000000000001,1,1086
silver,869.6,1,1087
corporation,870.4000000000001,1,1088
wish,871.2,1,1089
inside,872.0,1,1090
solution,872.8000000000001,1,1091
role,874.4000000000001,1,1093
rather,875.2,1,1094
addition,876.8000000000001,1,1096
came,877.6,1,1097
supply,878.4000000000001,1,1098
nothing,879.2,1,1099
certain,880.0,1,1100
executive,881.6,1,1102
running,882.4000000000001,1,1103
lower,883.2,1,1104
necessary,884.0,1,1105
union,884.8000000000001,1,1106
jewelry,885.6,1,1107
according,886.4000000000001,1,1108
clothing,888.0,1,1110
com,889.6,1,1112
particular,890.4000000000001,1,1113
fine,891.2,1,1114
hour,894.4000000000001,1,1118
gas,895.2,1,1119
six,896.8000000000001,1,1121
bush,897.6,1,1122
advice,899.2,1,1124
career,900.0,1,1125
military,900.8000000000001,1,1126
decision,902.4000000000001,1,1128
leave,903.2,1,1129
british,904.0,1,1130
huge,906.4000000000001,1,1133
woman,908.0,1,1135
facilities,908.8000000000001,1,1136
bid,910.4000000000001,1,1138
kind,911.2,1,1139
middle,912.8000000000001,1,1141
move,913.6,1,1142
cable,914.4000000000001,1,1143
division,917.6,1,1147
coming,918.4000000000001,1,1148
tuesday,919.2,1,1149
object,920.0,1,1150
appropriate,921.6,1,1152
machine,922.4000000000001,1,1153
length,924.0,1,1155
actually,924.8000000000001,1,1156
nice,925.6,1,1157
score,926.4000000000001,1,1158
client,928.0,1,1160
capital,930.4000000000001,1,1163
follow,931.2,1,1164
sample,932.0,1,1165
investment,932.8000000000001,1,1166
christmas,936.0,1,1170
england,936.8000000000001,1,1171
culture,937.6,1,1172
band,938.4000000000001,1,1173
flash,939.2,1,1174
ms,940.0,1,1175
lead,940.8000000000001,1,1176
george,941.6,1,1177
choice,942.4000000000001,1,1178
fri,945.6,1,1182
thursday,946.4000000000001,1,1183
courses,947.2,1,1184
consumer,948.0,1,1185
hi,948.8000000000001,1,1186
airport,949.6,1,1187
foreign,950.4000000000001,1,1188
artist,951.2,1,1189
outside,952.0,1,1190
furniture,952.8000000000001,1,1191
channel,954.4000000000001,1,1193
letter,955.2,1,1194
structure,959.2,1,1199
fund,960.0,1,1200
summer,960.8000000000001,1,1201
allow,961.6,1,1202
degree,962.4000000000001,1,1203
contract,963.2,1,1204
button,964.0,1,1205
male,968.0,1,1210
matter,968.8000000000001,1,1211
custom,969.6,1,1212
almost,971.2,1,1214
asian,974.4000000000001,1,1218
distribution,975.2,1,1219
editor,976.0,1,1220
industrial,977.6,1,1222
cause,978.4000000000001,1,1223
potential,979.2,1,1224
song,980.0,1,1225
cnet,980.8000000000001,1,1226
focus,984.0,1,1230
late,984.8000000000001,1,1231
fall,985.6,1,1232
featured,986.4000000000001,1,1233
idea,987.2,1,1234
female,988.8000000000001,1,1236
responsible,989.6,1,1237
communications,991.2,1,1239
win,992.0,1,1240
associated,992.8000000000001,1,1241
primary,994.4000000000001,1,1243
cancer,995.2,1,1244
reason,996.8000000000001,1,1246
tool,997.6,1,1247
browser,998.4000000000001,1,1248
spring,999.2,1,1249
foundation,1000.0,1,1250
answer,1000.8000000000001,1,1251
voice,1001.6,1,1252
friendly,1003.2,1,1254
schedule,1004.0,1,1255
documents,1004.8000000000001,1,1256
communication,1005.6,1,1257
purpose,1006.4000000000001,1,1258
feature,1007.2,1,1259
bed,1008.0,1,1260
comes,1008.8000000000001,1,1261
police,1009.6,1,1262
everyone,1010.4000000000001,1,1263
independent,1011.2,1,1264
approach,1012.8000000000001,1,1266
cameras,1013.6,1,1267
brown,1014.4000000000001,1,1268
physical,1015.2,1,1269
hill,1016.8000000000001,1,1271
medicine,1018.4000000000001,1,1273
deal,1019.2,1,1274
hold,1020.0,1,1275
chicago,1021.6,1,1277
forms,1022.4000000000001,1,1278
glass,1023.2,1,1279
happy,1024.0,1,1280
developed,1027.2,1,1284
thank,1028.0,1,1285
safe,1028.8,1,1286
unique,1029.6000000000001,1,1287
survey,1030.4,1,1288
prior,1031.2,1,1289
telephone,1032.0,1,1290
sport,1032.8,1,1291
ready,1033.6000000000001,1,1292
feed,1034.4,1,1293
animal,1035.2,1,1294
population,1037.6000000000001,1,1297
regular,1039.2,1,1299
secure,1040.0,1,1300
therefore,1042.4,1,1303
ass,1043.2,1,1304
simply,1044.0,1,1305
evidence,1044.8,1,1306
station,1045.6000000000001,1,1307
christian,1046.4,1,1308
round,1047.2,1,1309
favorite,1048.8,1,1311
understand,1049.6000000000001,1,1312
option,1050.4,1,1313
master,1051.2,1,1314
valley,1052.0,1,1315
recently,1052.8,1,1316
probably,1053.6000000000001,1,1317
sea,1056.0,1,1320
built,1056.8,1,1321
blood,1058.4,1,1323
cut,1059.2,1,1324
improve,1060.8,1,1326
connection,1061.6000000000001,1,1327
hall,1063.2,1,1329
anti,1064.8,1,1331
earth,1066.4,1,1333
impact,1068.8,1,1336
transfer,1069.6000000000001,1,1337
introduction,1070.4,1,1338
kitchen,1071.2,1,1339
strong,1072.0,1,1340
carolina,1073.6000000000001,1,1342
wedding,1074.4,1,1343
hospital,1076.0,1,1345
ground,1076.8,1,1346
ship,1078.4,1,1348
accommodation,1079.2,1,1349
disease,1080.8,1,1351
excellent,1082.4,1,1353
perfect,1084.8,1,1356
hair,1085.6000000000001,1,1357
opportunity,1086.4,1,1358
classic,1088.0,1,1360
basis,1088.8,1,1361
command,1089.6000000000001,1,1362
cities,1090.4,1,1363
express,1092.0,1,1365
anal,1092.8,1,1366
award,1093.6000000000001,1,1367
distance,1094.4,1,1368
tree,1095.2,1,1369
assessment,1096.8,1,1371
ensure,1097.6000000000001,1,1372
thus,1098.4,1,1373
wall,1099.2,1,1374
involved,1100.8,1,1376
extra,1102.4,1,1378
especially,1103.2,1,1379
budget,1106.4,1,1383
success,1108.8,1,1386
maximum,1109.6000000000001,1,1387
operation,1111.2,1,1389
existing,1112.0,1,1390
quite,1112.8,1,1391
boy,1114.4,1,1393
amazon,1115.2,1,1394
beautiful,1117.6000000000001,1,1397
warning,1118.4,1,1398
wine,1119.2,1,1399
horse,1120.8,1,1401
vote,1121.6000000000001,1,1402
forward,1122.4,1,1403
flowers,1123.2,1,1404
significant,1124.8,1,1406
owner,1127.2,1,1409
animals,1128.8,1,1411
useful,1129.6000000000001,1,1412
directly,1130.4,1,1413
manufacturer,1131.2,1,1414
est,1132.8,1,1416
son,1133.6000000000001,1,1417
providing,1134.4,1,1418
rule,1135.2,1,1419
housing,1136.8,1,1421
bring,1140.0,1,1425
catalog,1140.8,1,1426
mother,1144.0,1,1430
authority,1144.8,1,1431
considered,1145.6000000000001,1,1432
traffic,1148.0,1,1435
strategy,1151.2,1,1439
feet,1152.0,1,1440
agent,1152.8,1,1441
valid,1153.6000000000001,1,1442
bin,1154.4,1,1443
modern,1155.2,1,1444
senior,1156.0,1,1445
teaching,1158.4,1,1448
door,1159.2,1,1449
grand,1160.0,1,1450
trial,1161.6000000000001,1,1452
charge,1162.4,1,1453
instead,1164.0,1,1455
canadian,1164.8,1,1456
cool,1165.6000000000001,1,1457
normal,1166.4,1,1458
enterprise,1168.0,1,1460
entire,1169.6000000000001,1,1462
educational,1170.4,1,1463
leading,1172.0,1,1465
metal,1172.8,1,1466
positive,1173.6000000000001,1,1467
fitness,1175.2,1,1469
chinese,1176.0,1,1470
opinion,1176.8,1,1471
asia,1178.4,1,1473
football,1179.2,1,1474
abstract,1180.0,1,1475
likely,1184.8,1,1481
develop,1185.6000000000001,1,1482
employees,1186.4,1,1483
artists,1187.2,1,1484
alternative,1188.0,1,1485
responsibility,1189.6000000000001,1,1487
guest,1192.0,1,1490
publication,1193.6000000000001,1,1492
pass,1194.4,1,1493
trust,1196.0,1,1495
van,1196.8,1,1496
contains,1197.6000000000001,1,1497
session,1198.4,1,1498
photography,1200.0,1,1500
fees,1201.6000000000001,1,1502
components,1202.4,1,1503
vacation,1203.2,1,1504
century,1204.0,1,1505
academic,1204.8,1,1506
assistance,1205.6000000000001,1,1507
completed,1206.4,1,1508
skin,1207.2,1,1509
ads,1210.4,1,1513
expected,1212.8,1,1516
ring,1213.6000000000001,1,1517
grade,1214.4,1,1518
dating,1215.2,1,1519
mountain,1216.8,1,1521
pop,1218.4,1,1523
filter,1219.2,1,1524
vehicle,1220.8,1,1526
consider,1222.4,1,1528
northern,1224.0,1,1530
behind,1224.8,1,1531
floor,1226.4,1,1533
buying,1228.0,1,1535
match,1228.8000000000002,1,1536
default,1230.4,1,1538
require,1231.2,1,1539
boys,1232.8000000000002,1,1541
outdoor,1233.6000000000001,1,1542
deep,1234.4,1,1543
morning,1235.2,1,1544
otherwise,1236.0,1,1545
allows,1236.8000000000002,1,1546
rest,1237.6000000000001,1,1547
plant,1239.2,1,1549
hit,1240.8000000000002,1,1551
transportation,1241.6000000000001,1,1552
pool,1243.2,1,1554
politics,1244.8000000000002,1,1556
partner,1245.6000000000001,1,1557
disclaimer,1246.4,1,1558
authors,1247.2,1,1559
boards,1248.0,1,1560
faculty,1248.8000000000002,1,1561
fish,1250.4,1,1563
membership,1251.2,1,1564
mission,1252.0,1,1565
eye,1252.8000000000002,1,1566
string,1253.6000000000001,1,1567
sense,1254.4,1,1568
pack,1256.0,1,1570
stage,1257.6000000000001,1,1572
internal,1258.4,1,1573
goods,1259.2,1,1574
born,1260.8000000000002,1,1576
unless,1261.6000000000001,1,1577
detailed,1263.2,1,1579
race,1264.8000000000002,1,1581
approved,1265.6000000000001,1,1582
background,1266.4,1,1583
target,1267.2,1,1584
except,1268.0,1,1585
character,1268.8000000000002,1,1586
ability,1271.2,1,1589
maybe,1272.0,1,1590
brands,1275.2,1,1594
pretty,1277.6000000000001,1,1597
southern,1280.8000000000002,1,1601
yourself,1281.6000000000001,1,1602
etc,1282.4,1,1603
winter,1283.2,1,1604
battery,1284.8000000000002,1,1606
youth,1285.6000000000001,1,1607
pressure,1286.4,1,1608
boston,1288.0,1,1610
debt,1289.6000000000001,1,1612
medium,1291.2,1,1614
television,1292.0,1,1615
interested,1292.8000000000002,1,1616
core,1293.6000000000001,1,1617
break,1294.4,1,1618
throughout,1296.0,1,1620
dance,1297.6000000000001,1,1622
wood,1298.4,1,1623
itself,1300.0,1,1625
defined,1300.8000000000002,1,1626
awards,1303.2,1,1629
fee,1304.0,1,1630
studio,1304.8000000000002,1,1631
reader,1305.6000000000001,1,1632
device,1307.2,1,1634
established,1308.0,1,1635
answers,1308.8000000000002,1,1636
rent,1309.6000000000001,1,1637
remote,1311.2,1,1639
dark,1312.0,1,1640
external,1313.6000000000001,1,1642
apple,1314.4,1,1643
regarding,1316.0,1,1645
theory,1319.2,1,1649
enjoy,1320.0,1,1650
remove,1320.8000000000002,1,1651
aid,1321.6000000000001,1,1652
surface,1322.4,1,1653
minimum,1323.2,1,1654
host,1324.8000000000002,1,1656
variety,1325.6000000000001,1,1657
block,1329.6000000000001,1,1662
agents,1331.2,1,1664
repair,1332.8000000000002,1,1666
fair,1333.6000000000001,1,1667
civil,1334.4,1,1668
steel,1335.2,1,1669
understanding,1336.0,1,1670
wrong,1338.4,1,1673
beginning,1339.2,1,1674
associates,1340.8000000000002,1,1676
finally,1341.6000000000001,1,1677
desktop,1344.0,1,1680
classes,1344.8000000000002,1,1681
sector,1348.0,1,1685
capacity,1348.8000000000002,1,1686
fat,1352.0,1,1690
fully,1352.8000000000002,1,1691
father,1353.6000000000001,1,1692
electric,1354.4,1,1693
officer,1357.6000000000001,1,1697
driver,1358.4,1,1698
businesses,1359.2,1,1699
dead,1360.0,1,1700
respect,1360.8000000000002,1,1701
unknown,1361.6000000000001,1,1702
restaurant,1363.2,1,1704
trip,1364.8000000000002,1,1706
worth,1366.4,1,1708
poor,1368.8000000000002,1,1711
teacher,1369.6000000000001,1,1712
eyes,1371.2,1,1714
relationship,1372.0,1,1715
farm,1373.6000000000001,1,1717
peace,1376.0,1,1720
traditional,1376.8000000000002,1,1721
campus,1377.6000000000001,1,1722
creative,1380.0,1,1725
coast,1380.8000000000002,1,1726
benefit,1381.6000000000001,1,1727
progress,1382.4,1,1728
devices,1384.0,1,1730
lord,1384.8000000000002,1,1731
grant,1385.6000000000001,1,1732
agree,1387.2,1,1734
fiction,1388.0,1,1735
hear,1388.8000000000002,1,1736
sometimes,1389.6000000000001,1,1737
careers,1391.2,1,1739
beyond,1392.0,1,1740
families,1393.6000000000001,1,1742
museum,1395.2,1,1744
themselves,1396.0,1,1745
fan,1396.8000000000002,1,1746
transport,1397.6000000000001,1,1747
interesting,1398.4,1,1748
blogs,1399.2,1,1749
wife,1400.0,1,1750
evaluation,1400.8000000000002,1,1751
accepted,1401.6000000000001,1,1752
zone,1405.6000000000001,1,1757
complex,1406.4,1,1758
cat,1408.0,1,1760
die,1410.4,1,1763
flat,1412.8000000000002,1,1766
flow,1413.6000000000001,1,1767
agencies,1414.4,1,1768
literature,1415.2,1,1769
parent,1416.8000000000002,1,1771
columbia,1419.2,1,1774
scale,1421.6000000000001,1,1777
stand,1422.4,1,1778
economy,1423.2,1,1779
helpful,1424.8000000000002,1,1781
critical,1426.4,1,1783
musical,1428.0,1,1785
definition,1428.8000000000002,1,1786
secretary,1429.6000000000001,1,1787
angeles,1430.4,1,1788
path,1432.0,1,1790
australian,1432.8000000000002,1,1791
employee,1433.6000000000001,1,1792
chief,1434.4,1,1793
bottom,1436.8000000000002,1,1796
detail,1439.2,1,1799
changed,1441.6000000000001,1,1802
begin,1444.0,1,1805
colorado,1445.6000000000001,1,1807
royal,1446.4,1,1808
clean,1447.2,1,1809
switch,1448.0,1,1810
african,1450.4,1,1813
relevant,1452.8000000000002,1,1816
justice,1454.4,1,1818
connect,1455.2,1,1819
bible,1456.0,1,1820
dev,1456.8000000000002,1,1821
cup,1457.6000000000001,1,1822
basket,1458.4,1,1823
applied,1459.2,1,1824
weekly,1460.0,1,1825
described,1462.4,1,1828
demand,1463.2,1,1829
square,1467.2,1,1834
chris,1468.0,1,1835
attention,1468.8000000000002,1,1836
advance,1469.6000000000001,1,1837
diet,1471.2,1,1839
army,1472.0,1,1840
auction,1472.8000000000002,1,1841
gear,1473.6000000000001,1,1842
difference,1476.0,1,1845
allowed,1476.8000000000002,1,1846
correct,1477.6000000000001,1,1847
charles,1478.4,1,1848
nation,1479.2,1,1849
piece,1481.6000000000001,1,1852
sheet,1482.4,1,1853
firm,1483.2,1,1854
elements,1487.2,1,1859
species,1488.0,1,1860
jump,1488.8000000000002,1,1861
cells,1489.6000000000001,1,1862
resort,1491.2,1,1864
facility,1492.0,1,1865
dvds,1494.4,1,1868
certificate,1495.2,1,1869
minister,1496.0,1,1870
motion,1496.8000000000002,1,1871
fashion,1498.4,1,1873
directions,1499.2,1,1874
documentation,1500.8000000000002,1,1876
monitor,1501.6000000000001,1,1877
trading,1502.4,1,1878
forest,1503.2,1,1879
calls,1504.0,1,1880
whose,1504.8000000000002,1,1881
coverage,1505.6000000000001,1,1882
couple,1506.4,1,1883
chance,1508.0,1,1885
vision,1508.8000000000002,1,1886
ball,1509.6000000000001,1,1887
ending,1510.4,1,1888
clients,1511.2,1,1889
actions,1512.0,1,1890
listen,1512.8000000000002,1,1891
discuss,1513.6000000000001,1,1892
accept,1514.4,1,1893
automotive,1515.2,1,1894
naked,1516.0,1,1895
goal,1516.8000000000002,1,1896
successful,1517.6000000000001,1,1897
wind,1519.2,1,1899
communities,1520.0,1,1900
clinical,1520.8000000000002,1,1901
situation,1521.6000000000001,1,1902
highly,1524.8000000000002,1,1906
appear,1526.4,1,1908
emergency,1527.2,1,1909
developing,1528.0,1,1910
currency,1529.6000000000001,1,1912
leather,1530.4,1,1913
determine,1531.2,1,1914
temperature,1532.8000000000002,1,1916
announcements,1534.4,1,1918
patient,1535.2,1,1919
actual,1536.0,1,1920
stone,1537.6000000000001,1,1922
bob,1538.4,1,1923
commerce,1539.2,1,1924
perhaps,1540.8000000000002,1,1926
difficult,1542.4,1,1928
scientific,1543.2,1,1929
fit,1544.8000000000002,1,1931
village,1546.4,1,1933
accounts,1547.2,1,1934
amateur,1548.0,1,1935
pain,1550.4,1,1938
particularly,1552.0,1,1940
coffee,1553.6000000000001,1,1942
cum,1556.0,1,1945
buyer,1556.8000000000002,1,1946
cultural,1557.6000000000001,1,1947
easily,1559.2,1,1949
edge,1562.4,1,1953
root,1564.0,1,1955
closed,1566.4,1,1958
ice,1568.0,1,1960
pink,1568.8000000000002,1,1961
balance,1570.4,1,1963
shot,1573.6000000000001,1,1967
architecture,1575.2,1,1969
initial,1576.0,1,1970
label,1576.8000000000002,1,1971
thinking,1577.6000000000001,1,1972
recommend,1580.8000000000002,1,1976
canon,1581.6000000000001,1,1977
league,1583.2,1,1979
waste,1584.0,1,1980
minute,1584.8000000000002,1,1981
bus,1585.6000000000001,1,1982
dictionary,1588.0,1,1985
cold,1588.8000000000002,1,1986
accounting,1589.6000000000001,1,1987
chair,1592.0,1,1990
fishing,1592.8000000000002,1,1991
effort,1593.6000000000001,1,1992
phase,1594.4,1,1993
bag,1596.0,1,1995
motor,1599.2,1,1999
professor,1600.8000000000002,1,2001
context,1601.6000000000001,1,2002
install,1602.4,1,2003
shirt,1603.2,1,2004
generally,1604.8000000000002,1,2006
foot,1606.4,1,2008
mass,1607.2,1,2009
crime,1608.0,1,2010
count,1608.8000000000002,1,2011
breast,1609.6000000000001,1,2012
quickly,1614.4,1,2018
religion,1616.8000000000002,1,2021
claim,1617.6000000000001,1,2022
driving,1618.4,1,2023
permission,1619.2,1,2024
heat,1621.6000000000001,1,2027
wild,1622.4,1,2028
generation,1624.0,1,2030
miss,1625.6000000000001,1,2032
chemical,1626.4,1,2033
doctor,1627.2,1,2034
task,1628.0,1,2035
reduce,1628.8000000000002,1,2036
himself,1630.4,1,2038
nor,1631.2,1,2039
enable,1632.8000000000002,1,2041
exercise,1633.6000000000001,1,2042
guarantee,1636.8000000000002,1,2046
leader,1637.6000000000001,1,2047
diamond,1638.4,1,2048
soft,1641.6000000000001,1,2052
alone,1643.2,1,2054
flight,1648.8000000000002,1,2061
congress,1649.6000000000001,1,2062
fuel,1650.4,1,2063
walk,1652.0,1,2065
wait,1656.8000000000002,1,2071
pocket,1658.4,1,2073
freedom,1660.8000000000002,1,2076
argument,1661.6000000000001,1,2077
competition,1662.4,1,2078
joint,1665.6000000000001,1,2082
fresh,1668.0,1,2085
attorney,1669.6000000000001,1,2087
factor,1672.0,1,2090
stream,1675.2,1,2094
pick,1676.8000000000002,1,2096
hearing,1677.6000000000001,1,2097
eastern,1678.4,1,2098
upper,1684.0,1,2105
serious,1685.6000000000001,1,2107
limit,1688.0,1,2110
quantity,1700.8000000000002,1,2126
urban,1701.6000000000001,1,2127
essential,1704.8000000000002,1,2131
myself,1705.6000000000001,1,2132
platform,1707.2,1,2134
load,1708.0,1,2135
immediately,1710.4,1,2138
heavy,1716.0,1,2145
covered,1716.8000000000002,1,2146
recovery,1717.6000000000001,1,2147
expert,1724.0,1,2155
protect,1725.6000000000001,1,2157
drop,1726.4,1,2158
presentation,1728.8000000000002,1,2161
orange,1731.2,1,2164
prevent,1733.6000000000001,1,2167
theme,1734.4,1,2168
rich,1735.2,1,2169
campaign,1736.8000000000002,1,2171
improvement,1738.4,1,2173
spirit,1744.8000000000002,1,2181
challenge,1748.0,1,2185
seem,1752.0,1,2190
touch,1753.6000000000001,1,2192
intended,1754.4,1,2193
towards,1755.2,1,2194
hire,1757.6000000000001,1,2197
election,1758.4,1,2198
suggest,1759.2,1,2199
branch,1760.0,1,2200
serve,1761.6000000000001,1,2202
magic,1764.0,1,2205
mount,1764.8000000000002,1,2206
smart,1765.6000000000001,1,2207
avoid,1772.0,1,2215
manage,1773.6000000000001,1,2217
corner,1774.4,1,2218
rank,1775.2,1,2219
element,1777.6000000000001,1,2222
birth,1778.4,1,2223
virus,1779.2,1,2224
abuse,1780.0,1,2225
separate,1782.4,1,2228
quarter,1783.2,1,2229
procedure,1784.0,1,2230
define,1786.4,1,2233
religious,1788.0,1,2235
breakfast,1789.6000000000001,1,2237
column,1791.2,1,2239
faith,1792.8000000000002,1,2241
chain,1793.6000000000001,1,2242
identify,1795.2,1,2244
missing,1796.8000000000002,1,2246
approximately,1798.4,1,2248
domestic,1799.2,1,2249
reach,1803.2,1,2254
comparison,1804.0,1,2255
mental,1804.8000000000002,1,2256
moment,1806.4,1,2258
inch,1808.8000000000002,1,2261
attack,1809.6000000000001,1,2262
sorry,1810.4,1,2263
damage,1812.8000000000002,1,2266
plastic,1817.6000000000001,1,2272
produce,1818.4,1,2273
snow,1819.2,1,2274
truth,1820.8000000000002,1,2276
counter,1821.6000000000001,1,2277
failure,1822.4,1,2278
weekend,1824.8000000000002,1,2281
dollar,1825.6000000000001,1,2282
camp,1826.4,1,2283
automatically,1828.0,1,2285
bridge,1831.2,1,2289
fill,1832.8000000000002,1,2291
movement,1834.4,1,2293
approval,1837.6000000000001,1,2297
draft,1838.4,1,2298
chart,1839.2,1,2299
equal,1847.2,1,2309
adventure,1848.0,1,2310
matching,1848.8000000000002,1,2311
profit,1851.2,1,2314
assistant,1854.4,1,2318
advertisement,1857.6000000000001,1,2322
expect,1858.4,1,2323
parking,1859.2,1,2324
yesterday,1860.8000000000002,1,2326
determined,1862.4,1,2328
extension,1868.0,1,2335
completely,1871.2,1,2339
funny,1877.6000000000001,1,2347
brother,1878.4,1,2348
electrical,1882.4,1,2353
disc,1884.0,1,2355
pattern,1885.6000000000001,1,2357
boat,1888.0,1,2360
theatre,1889.6000000000001,1,2362
direction,1897.6000000000001,1,2372
evening,1902.4,1,2378
nuclear,1904.0,1,2380
mouse,1905.6000000000001,1,2382
signal,1906.4,1,2383
criminal,1907.2,1,2384
brain,1908.8000000000002,1,2386
sexual,1909.6000000000001,1,2387
powerful,1911.2,1,2389
dream,1912.0,1,2390
false,1913.6000000000001,1,2392
cast,1915.2,1,2394
flower,1916.0,1,2395
soul,1922.4,1,2403
promote,1924.8000000000002,1,2406
carry,1929.6000000000001,1,2412
flag,1930.4,1,2413
advantage,1935.2,1,2419
hello,1936.0,1,2420
maintain,1937.6000000000001,1,2422
priority,1939.2,1,2424
atom,1944.8000000000002,1,2431
brief,1948.8000000000002,1,2436
eight,1951.2,1,2439
iron,1952.8000000000002,1,2441
straight,1953.6000000000001,1,2442
interview,1964.0,1,2455
mix,1964.8000000000002,1,2456
disk,1966.4,1,2458
queen,1968.0,1,2460
clearly,1970.4,1,2463
fix,1971.2,1,2464
handle,1972.0,1,2465
sweet,1972.8000000000002,1,2466
desk,1973.6000000000001,1,2467
associate,1980.0,1,2475
truck,1981.6000000000001,1,2477
behavior,1982.4,1,2478
frequently,1984.8000000000002,1,2481
revenue,1985.6000000000001,1,2482
measure,1986.4,1,2483
duty,1989.6000000000001,1,2487
bear,1992.0,1,2490
gain,1992.8000000000002,1,2491
festival,1993.6000000000001,1,2492
laboratory,1994.4,1,2493
ocean,1995.2,1,2494
lack,1998.4,1,2498
depth,1999.2,1,2499
whatever,2000.8000000000002,1,2501
train,2004.0,1,2505
exactly,2004.8000000000002,1,2506
dry,2005.6000000000001,1,2507
explore,2006.4,1,2508
concept,2008.8000000000002,1,2511
nearly,2009.6000000000001,1,2512
checkout,2011.2,1,2514
reality,2012.0,1,2515
origin,2014.4,1,2518
billion,2017.6000000000001,1,2522
intelligence,2020.8000000000002,1,2526
route,2025.6000000000001,1,2532
broken,2028.0,1,2535
blow,2032.0,1,2540
battle,2032.8000000000002,1,2541
speak,2035.2,1,2544
expression,2042.4,1,2553
speech,2045.6000000000001,1,2557
rural,2048.8,1,2561
judge,2053.6,1,2567
acid,2056.0,1,2570
cent,2057.6,1,2572
fight,2060.0,1,2575
apartment,2060.8,1,2576
height,2061.6,1,2577
zero,2063.2000000000003,1,2579
speaker,2064.0,1,2580
obtain,2067.2000000000003,1,2584
remain,2072.0,1,2590
marriage,2075.2000000000003,1,2594
roll,2076.0,1,2595
secret,2080.0,1,2600
bath,2080.8,1,2601
negative,2084.0,1,2605
perform,2091.2000000000003,1,2614
healthy,2092.0,1,2615
translation,2092.8,1,2616
injury,2096.0,1,2620
lawyer,2100.0,1,2625
married,2101.6,1,2627
proposal,2103.2000000000003,1,2629
birthday,2107.2000000000003,1,2634
fail,2108.8,1,2636
slightly,2114.4,1,2643
assist,2115.2000000000003,1,2644
conduct,2116.0,1,2645
wear,2131.2000000000003,1,2664
ultimate,2134.4,1,2668
representative,2136.0,1,2670
minor,2138.4,1,2673
finish,2139.2000000000003,1,2674
mom,2143.2000000000003,1,2679
physics,2144.8,1,2681
rare,2145.6,1,2682
extreme,2148.0,1,2685
row,2152.8,1,2691
forecast,2154.4,1,2693
cycle,2158.4,1,2698
contain,2160.0,1,2700
rise,2162.4,1,2703
sleep,2164.0,1,2705
bird,2165.6,1,2707
scene,2169.6,1,2712
lady,2172.0,1,2715
famous,2173.6,1,2717
writer,2174.4,1,2718
chairman,2175.2000000000003,1,2719
violence,2176.0,1,2720
drink,2179.2000000000003,1,2724
eat,2182.4,1,2728
permanent,2183.2000000000003,1,2729
practical,2188.0,1,2735
seat,2192.0,1,2740
colour,2193.6,1,2742
originally,2195.2000000000003,1,2744
philosophy,2197.6,1,2747
regulation,2198.4,1,2748
reduction,2200.0,1,2750
aim,2200.8,1,2751
recording,2204.8,1,2756
junior,2206.4,1,2758
meaning,2211.2000000000003,1,2764
tip,2212.0,1,2765
secondary,2212.8,1,2766
wonderful,2213.6,1,2767
mine,2214.4,1,2768
ticket,2216.8,1,2771
guess,2218.4,1,2773
whom,2220.8,1,2776
presence,2225.6,1,2782
automatic,2228.0,1,2785
majority,2232.8,1,2791
connected,2233.6,1,2792
ahead,2240.0,1,2800
moon,2240.8,1,2801
scheme,2242.4,1,2803
fly,2244.8,1,2806
manner,2245.6,1,2807
combination,2248.0,1,2810
despite,2250.4,1,2813
strength,2251.2000000000003,1,2814
proper,2254.4,1,2818
fear,2259.2000000000003,1,2824
convention,2263.2000000000003,1,2829
principal,2264.8,1,2831
daughter,2265.6,1,2832
comfort,2268.0,1,2835
appeal,2273.6,1,2842
previously,2276.8,1,2846
beat,2280.8,1,2851
household,2282.4,1,2853
arms,2288.0,1,2860
tea,2289.6,1,2862
achieve,2292.8,1,2866
dress,2294.4,1,2868
contemporary,2296.8,1,2871
sky,2297.6,1,2872
nearby,2299.2000000000003,1,2874
happen,2301.6,1,2877
exposure,2302.4,1,2878
hide,2304.0,1,2880
signature,2305.6,1,2882
refer,2307.2000000000003,1,2884
outdoors,2309.6,1,2887
clothes,2310.4,1,2888
certainly,2315.2000000000003,1,2894
indeed,2316.0,1,2895
newspaper,2316.8,1,2896
toy,2317.6,1,2897
layer,2319.2000000000003,1,2899
slow,2320.8,1,2901
removal,2321.6,1,2902
hip,2325.6,1,2907
nine,2328.0,1,2910
mostly,2330.4,1,2913
spot,2332.0,1,2915
spend,2335.2000000000003,1,2919
factory,2336.0,1,2920
interior,2336.8,1,2921
grow,2338.4,1,2923
promotion,2340.8,1,2926
relative,2341.6,1,2927
amazing,2342.4,1,2928
clock,2343.2000000000003,1,2929
dot,2344.0,1,2930
identity,2345.6,1,2932
feeling,2348.0,1,2935
reasonable,2349.6,1,2937
relief,2352.0,1,2940
influence,2354.4,1,2943
importance,2356.8,1,2946
rain,2357.6,1,2947
onto,2358.4,1,2948
planet,2360.0,1,2950
recipe,2362.4,1,2953
permit,2364.0,1,2955
proof,2365.6,1,2957
prescription,2369.6,1,2962
bedroom,2370.4,1,2963
empty,2371.2000000000003,1,2964
instance,2372.0,1,2965
hole,2372.8,1,2966
ride,2374.4,1,2968
represent,2380.8,1,2976
pair,2382.4,1,2978
ideal,2383.2000000000003,1,2979
finished,2387.2000000000003,1,2984
dinner,2388.8,1,2986
stress,2391.2000000000003,1,2989
cream,2392.0,1,2990
yeah,2395.2000000000003,1,2994
discover,2396.0,1,2995
fourth,2402.4,1,3003
evil,2407.2000000000003,1,3009
aware,2408.0,1,3010
shape,2409.6,1,3012
remains,2416.8,1,3021
concerned,2420.0,1,3025
euro,2420.8,1,3026
cap,2425.6,1,3032
ink,2426.4,1,3033
mixed,2428.8,1,3036
peak,2431.2000000000003,1,3039
competitive,2432.8,1,3041
exist,2433.6,1,3042
wheel,2434.4,1,3043
salt,2437.6,1,3047
poetry,2439.2000000000003,1,3049
bell,2442.4,1,3053
preparation,2444.0,1,3055
attempt,2444.8,1,3056
width,2448.0,1,3060
noise,2448.8,1,3061
forget,2450.4,1,3063
accurate,2452.8,1,3066
climate,2455.2000000000003,1,3069
pin,2456.8,1,3071
alcohol,2458.4,1,3073
instruction,2460.0,1,3075
sister,2462.4,1,3078
raw,2463.2000000000003,1,3079
explain,2465.6000000000004,1,3082
establish,2468.0,1,3085
extent,2472.0,1,3090
sharp,2472.8,1,3091
kill,2476.8,1,3096
mathematics,2477.6000000000004,1,3097
export,2480.8,1,3101
aircraft,2482.4,1,3103
conflict,2484.8,1,3106
employer,2487.2000000000003,1,3109
occur,2488.0,1,3110
describe,2491.2000000000003,1,3114
concern,2492.0,1,3115
backup,2492.8,1,3116
immediate,2497.6000000000004,1,3122
trouble,2499.2000000000003,1,3124
spread,2500.0,1,3125
expand,2503.2000000000003,1,3129
audience,2504.8,1,3131
participate,2508.8,1,3136
plug,2509.6000000000004,1,3137
cook,2511.2000000000003,1,3139
affect,2512.0,1,3140
experienced,2513.6000000000004,1,3142
hat,2516.0,1,3145
institution,2516.8,1,3146
bike,2524.0,1,3155
totally,2524.8,1,3156
plate,2525.6000000000004,1,3157
indicate,2527.2000000000003,1,3159
blonde,2528.0,1,3160
lose,2535.2000000000003,1,3169
seek,2536.8,1,3171
extremely,2540.0,1,3175
concerning,2544.8,1,3181
equivalent,2546.4,1,3183
chemistry,2547.2000000000003,1,3184
anyway,2553.6000000000004,1,3192
logic,2558.4,1,3198
circle,2560.8,1,3201
soil,2561.6000000000004,1,3202
anywhere,2563.2000000000003,1,3204
wet,2566.4,1,3208
cooking,2575.2000000000003,1,3219
respond,2579.2000000000003,1,3224
plain,2580.8,1,3226
exit,2581.6000000000004,1,3227
arm,2584.0,1,3230
launch,2585.6000000000004,1,3232
wave,2586.4,1,3233
symbol,2595.2000000000003,1,3244
highway,2596.8,1,3246
chocolate,2613.6000000000004,1,3267
cotton,2619.2000000000003,1,3274
controlled,2620.8,1,3276
requirement,2621.6000000000004,1,3277
biology,2623.2000000000003,1,3279
border,2625.6000000000004,1,3282
ancient,2626.4,1,3283
debate,2627.2000000000003,1,3284
attached,2638.4,1,3298
husband,2640.8,1,3301
disabled,2641.6000000000004,1,3302
crazy,2643.2000000000003,1,3304
concert,2645.6000000000004,1,3307
comedy,2650.4,1,3313
commitment,2654.4,1,3318
constant,2660.0,1,3325
mouth,2661.6000000000004,1,3327
meter,2663.2000000000003,1,3329
reflect,2668.8,1,3336
pure,2669.6000000000004,1,3337
deliver,2670.4,1,3338
wonder,2671.2000000000003,1,3339
hell,2672.0,1,3340
fruit,2673.6000000000004,1,3342
qualified,2675.2000000000003,1,3344
reform,2676.0,1,3345
discovery,2679.2000000000003,1,3349
draw,2680.0,1,3350
assume,2683.2000000000003,1,3354
confidence,2684.0,1,3355
confirm,2686.4,1,3358
warm,2687.2000000000003,1,3359
neither,2688.0,1,3360
engineer,2692.0,1,3365
replace,2694.4,1,3368
objective,2704.8,1,3381
sugar,2706.4,1,3383
stick,2709.6000000000004,1,3387
relation,2712.8,1,3391
slide,2715.2000000000003,1,3394
exact,2721.6000000000004,1,3402
bound,2722.4,1,3403
formal,2726.4,1,3408
contribute,2728.0,1,3410
lock,2728.8,1,3411
storm,2730.4,1,3413
mile,2733.6000000000004,1,3417
bowl,2738.4,1,3423
recognition,2740.8,1,3426
tank,2743.2000000000003,1,3429
estimate,2745.6000000000004,1,3432
encourage,2746.4,1,3433
navy,2747.2000000000003,1,3434
kid,2748.0,1,3435
cancel,2751.2000000000003,1,3439
paint,2756.0,1,3445
delay,2756.8,1,3446
pilot,2757.6000000000004,1,3447
continuous,2760.0,1,3450
initiative,2764.0,1,3455
novel,2764.8,1,3456
pan,2765.6000000000004,1,3457
winner,2769.6000000000004,1,3462
examination,2773.6000000000004,1,3467
dish,2775.2000000000003,1,3469
painting,2784.0,1,3480
extensive,2785.6000000000004,1,3482
universe,2787.2000000000003,1,3484
candidate,2788.0,1,3485
mirror,2798.4,1,3498
consideration,2800.0,1,3500
broad,2812.8,1,3516
hate,2821.6000000000004,1,3527
behalf,2824.8,1,3531
liquid,2826.4,1,3533
rice,2827.2000000000003,1,3534
salary,2829.6000000000004,1,3537
reservation,2830.4,1,3538
guard,2832.8,1,3541
saving,2835.2000000000003,1,3544
remaining,2836.8,1,3546
empire,2837.6000000000004,1,3547
twenty,2839.2000000000003,1,3549
newly,2840.0,1,3550
raise,2840.8,1,3551
prepare,2841.6000000000004,1,3552
illegal,2844.8,1,3556
vary,2846.4,1,3558
tomorrow,2852.0,1,3565
milk,2853.6000000000004,1,3567
decide,2854.4,1,3568
drama,2856.0,1,3570
keyboard,2859.2000000000003,1,3574
contest,2860.0,1,3575
boot,2863.2000000000003,1,3579
suitable,2864.0,1,3580
absolutely,2865.6000000000004,1,3582
lunch,2867.2000000000003,1,3584
push,2869.6000000000004,1,3587
chamber,2870.4,1,3588
muscle,2872.8,1,3591
implement,2875.2000000000003,1,3594
typical,2878.4,1,3598
tower,2879.2000000000003,1,3599
yours,2880.0,1,3600
sum,2880.8,1,3601
significantly,2883.2000000000003,1,3604
chicken,2884.0,1,3605
temporary,2884.8,1,3606
attend,2885.6000000000004,1,3607
shower,2886.4,1,3608
tonight,2889.6000000000004,1,3612
dear,2890.4,1,3613
sufficient,2891.2000000000003,1,3614
shell,2892.8,1,3616
governor,2898.4,1,3623
beer,2899.2000000000003,1,3624
contribution,2900.8,1,3626
measurement,2901.6000000000004,1,3627
catch,2908.0,1,3635
sir,2913.6000000000004,1,3642
doubt,2914.4,1,3643
earn,2915.2000000000003,1,3644
unable,2916.8,1,3646
classroom,2918.4,1,3648
resistance,2924.8,1,3656
visitor,2929.6000000000004,1,3662
twin,2930.4,1,3663
forth,2931.2000000000003,1,3664
fighting,2940.8,1,3676
instrument,2945.6000000000004,1,3682
split,2947.2000000000003,1,3684
heaven,2949.6000000000004,1,3687
pregnant,2952.0,1,3690
twice,2952.8,1,3691
bargain,2957.6000000000004,1,3697
normally,2963.2000000000003,1,3704
spiritual,2964.8,1,3706
suit,2967.2000000000003,1,3709
shift,2968.8,1,3711
chip,2969.6000000000004,1,3712
sit,2971.2000000000003,1,3714
numerous,2980.8,1,3726
relatively,2981.6000000000004,1,3727
satisfaction,2983.2000000000003,1,3729
superior,2987.2000000000003,1,3734
comfortable,2996.8,1,3746
effectively,3000.0,1,3750
crisis,3001.6000000000004,1,3752
massive,3003.2000000000003,1,3754
bright,3005.6000000000004,1,3757
treat,3006.4,1,3758
piano,3010.4,1,3763
revolution,3016.8,1,3771
mystery,3022.4,1,3778
landscape,3023.2000000000003,1,3779
mechanical,3024.8,1,3781
journey,3025.6000000000004,1,3782
teach,3044.8,1,3806
rapid,3047.2000000000003,1,3809
pull,3048.0,1,3810
deposit,3052.8,1,3816
sensitive,3060.8,1,3826
concrete,3067.2000000000003,1,3834
technique,3076.0,1,3845
calculate,3081.6000000000004,1,3852
broadcast,3084.8,1,3856
anniversary,3088.0,1,3860
strip,3089.6000000000004,1,3862
accident,3092.0,1,3865
resident,3095.2000000000003,1,3869
plot,3096.0,1,3870
possibly,3097.6000000000004,1,3872
typically,3099.2000000000003,1,3874
representation,3100.0,1,3875
regard,3100.8,1,3876
smooth,3104.0,1,3880
strike,3107.2000000000003,1,3884
narrow,3111.2000000000003,1,3889
afternoon,3112.0,1,3890
threat,3112.8,1,3891
castle,3124.0,1,3905
willing,3129.6000000000004,1,3912
exam,3135.2000000000003,1,3919
hundred,3140.8,1,3926
strange,3143.2000000000003,1,3929
mention,3148.0,1,3935
grey,3151.2000000000003,1,3939
operate,3154.4,1,3943
bathroom,3156.8,1,3946
stable,3157.6000000000004,1,3947
lesson,3161.6000000000004,1,3952
cinema,3162.4,1,3953
reaction,3168.0,1,3960
blank,3168.8,1,3961
severe,3171.2000000000003,1,3964
generate,3172.0,1,3965
aged,3177.6000000000004,1,3972
exception,3179.2000000000003,1,3974
successfully,3182.4,1,3978
tight,3188.8,1,3986
contrast,3192.0,1,3990
organized,3197.6000000000004,1,3997
expensive,3203.2000000000003,1,4004
capture,3204.8,1,4006
plane,3208.0,1,4010
seed,3210.4,1,4013
desire,3212.0,1,4015
camping,3214.4,1,4018
eventually,3220.0,1,4025
bottle,3224.0,1,4030
conclusion,3229.6000000000004,1,4037
thousand,3232.0,1,4040
meat,3232.8,1,4041
bone,3242.4,1,4053
inner,3249.6000000000004,1,4062
gate,3255.2000000000003,1,4069
valuable,3264.0,1,4080
tone,3265.6000000000004,1,4082
forever,3268.0,1,4085
busy,3269.6000000000004,1,4087
captain,3270.4,1,4088
imagine,3272.0,1,4090
heating,3273.6000000000004,1,4092
leg,3274.4,1,4093
neck,3275.2000000000003,1,4094
wing,3276.8,1,4096
taste,3282.4,1,4103
commit,3284.0,1,4105
tiny,3284.8,1,4106
rail,3286.4,1,4108
gap,3291.2000000000003,1,4114
tube,3292.8,1,4116
belt,3296.8,1,4121
jacket,3297.6000000000004,1,4122
determination,3298.4,1,4123
proud,3305.6000000000004,1,4132
disaster,3307.2000000000003,1,4134
giant,3312.0,1,4140
alarm,3318.4,1,4148
usual,3321.6000000000004,1,4152
angle,3325.6000000000004,1,4157
worst,3332.0,1,4165
betting,3333.6000000000004,1,4167
convert,3339.2000000000003,1,4174
possibility,3340.0,1,4175
dangerous,3342.4,1,4178
garage,3343.2000000000003,1,4179
exciting,3344.0,1,4180
unfortunately,3347.2000000000003,1,4184
pleasure,3353.6000000000004,1,4192
honor,3354.4,1,4193
pants,3358.4,1,4198
nurse,3360.0,1,4200
appointment,3361.6000000000004,1,4202
quiet,3364.0,1,4205
luck,3364.8,1,4206
producer,3366.4,1,4208
cheese,3370.4,1,4213
carefully,3372.0,1,4215
crown,3375.2000000000003,1,4219
underground,3376.8,1,4221
crack,3379.2000000000003,1,4224
principle,3380.0,1,4225
semester,3383.2000000000003,1,4229
appearance,3388.0,1,4235
smoke,3388.8,1,4236
craft,3392.8,1,4241
cake,3393.6000000000004,1,4242
apart,3395.2000000000003,1,4244
fellow,3396.0,1,4245
blind,3396.8,1,4246
mad,3398.4,1,4248
strongly,3403.2000000000003,1,4254
horror,3408.0,1,4260
familiar,3410.4,1,4263
capable,3411.2000000000003,1,4264
till,3413.6000000000004,1,4267
pen,3415.2000000000003,1,4269
shoe,3419.2000000000003,1,4274
victory,3421.6000000000004,1,4277
sand,3422.4,1,4278
joy,3424.8,1,4281
mainly,3427.2000000000003,1,4284
actor,3430.4,1,4288
fifth,3433.6000000000004,1,4292
citizen,3435.2000000000003,1,4294
vertical,3436.0,1,4295
absolute,3443.2000000000003,1,4304
substance,3446.4,1,4308
pipe,3449.6000000000004,1,4312
lecture,3452.8,1,4316
ill,3456.0,1,4320
concentration,3456.8,1,4321
lay,3459.2000000000003,1,4324
interpretation,3460.0,1,4325
dirty,3462.4,1,4328
worker,3468.0,1,4335
alive,3469.6000000000004,1,4337
prove,3472.0,1,4340
promise,3478.4,1,4348
thin,3479.2000000000003,1,4349
exhibition,3480.0,1,4350
prefer,3480.8,1,4351
cabinet,3482.4,1,4353
sick,3486.4,1,4358
tropical,3489.6000000000004,1,4362
collect,3490.4,1,4363
bet,3491.2000000000003,1,4364
definitely,3496.0,1,4370
existence,3500.0,1,4375
prison,3512.0,1,4390
skill,3512.8,1,4391
apparently,3516.0,1,4395
surrounding,3516.8,1,4396
inquiry,3520.0,1,4400
throw,3523.2000000000003,1,4404
trend,3524.0,1,4405
visible,3525.6000000000004,1,4407
desert,3527.2000000000003,1,4409
obviously,3533.6000000000004,1,4417
worse,3538.4,1,4423
fundamental,3542.4,1,4428
escape,3544.0,1,4430
somewhat,3545.6000000000004,1,4432
substantial,3547.2000000000003,1,4434
impossible,3556.8,1,4446
obvious,3560.0,1,4450
covering,3563.2000000000003,1,4454
passing,3569.6000000000004,1,4462
explanation,3579.2000000000003,1,4474
electricity,3584.8,1,4481
arrival,3587.2000000000003,1,4484
emphasis,3589.6000000000004,1,4487
aspect,3591.2000000000003,1,4489
crash,3598.4,1,4498
lift,3599.2000000000003,1,4499
shadow,3604.0,1,4505
infection,3605.6000000000004,1,4507
expense,3608.0,1,4510
venture,3610.4,1,4513
mall,3614.4,1,4518
involvement,3618.4,1,4523
extend,3625.6000000000004,1,4532
subsequent,3627.2000000000003,1,4534
yard,3632.0,1,4540
tourist,3639.2000000000003,1,4549
mayor,3641.6000000000004,1,4552
murder,3642.4,1,4553
adequate,3644.0,1,4555
pour,3648.8,1,4561
dust,3652.8,1,4566
hence,3653.6000000000004,1,4567
entirely,3655.2000000000003,1,4569
rescue,3657.6000000000004,1,4572
occupation,3662.4,1,4578
closely,3667.2000000000003,1,4584
diary,3668.8,1,4586
seriously,3669.6000000000004,1,4587
shooting,3671.2000000000003,1,4589
ear,3674.4,1,4593
elsewhere,3678.4,1,4598
pollution,3679.2000000000003,1,4599
conservative,3680.0,1,4600
shock,3681.6000000000004,1,4602
abroad,3684.0,1,4605
tie,3685.6000000000004,1,4607
roof,3690.4,1,4613
demonstrate,3692.0,1,4615
atmosphere,3692.8,1,4616
kiss,3694.4,1,4618
experiment,3697.6000000000004,1,4622
rush,3712.0,1,4640
absence,3713.6000000000004,1,4642
whereas,3717.6000000000004,1,4647
lamp,3721.6000000000004,1,4652
everybody,3725.6000000000004,1,4657
acceptable,3736.0,1,4670
satisfied,3736.8,1,4671
glad,3737.6000000000004,1,4672
ordinary,3752.0,1,4690
nobody,3752.8,1,4691
boss,3759.2000000000003,1,4699
pride,3760.0,1,4700
independence,3762.4,1,4703
reporter,3764.0,1,4705
personally,3769.6000000000004,1,4712
plenty,3772.0,1,4715
sentence,3773.6000000000004,1,4717
throat,3774.4,1,4718
ignore,3775.2000000000003,1,4719
uniform,3776.8,1,4721
wealth,3778.4,1,4723
tall,3779.2000000000003,1,4724
somewhere,3780.8,1,4726
dancing,3782.4,1,4728
recognize,3784.0,1,4730
publish,3790.4,1,4738
toe,3792.8,1,4741
whenever,3796.0,1,4745
vital,3808.0,1,4760
fairly,3809.6000000000004,1,4762
charity,3812.8,1,4766
intelligent,3813.6000000000004,1,4767
wake,3819.2000000000003,1,4774
stupid,3820.0,1,4775
harbor,3820.8,1,4776
realize,3824.8,1,4781
enemy,3827.2000000000003,1,4784
lucky,3837.6000000000004,1,4797
thick,3840.0,1,4800
repeat,3841.6000000000004,1,4802
drum,3845.6000000000004,1,4807
flood,3853.6000000000004,1,4817
ease,3855.2000000000003,1,4819
appreciate,3864.8,1,4831
polish,3868.0,1,4835
lovely,3868.8,1,4836
smile,3873.6000000000004,1,4842
armed,3878.4,1,4848
regularly,3880.8,1,4851
tend,3884.0,1,4855
divorce,3889.6000000000004,1,4862
partly,3892.8,1,4866
candy,3896.0,1,4870
hunt,3902.4,1,4878
complaint,3910.4,1,4888
moral,3923.2000000000003,1,4904
finger,3926.4,1,4908
pound,3928.0,1,4910
locate,3928.8,1,4911
burn,3932.0,1,4915
ourselves,3935.2000000000003,1,4919
bread,3936.0,1,4920
wooden,3937.6000000000004,1,4922
tough,3939.2000000000003,1,4924
incident,3940.8,1,4926
lie,3943.2000000000003,1,4929
conversation,3945.6000000000004,1,4932
decrease,3946.4,1,4933
chest,3948.0,1,4935
worship,3952.0,1,4940
herself,3956.8,1,4946
solve,3962.4,1,4953
facing,3974.4,1,4968
passion,3978.4,1,4973
sight,3980.8,1,4976
defence,3983.2000000000003,1,4979
weak,3984.8,1,4981
wise,3992.8,1,4991
correctly,3996.8,1,4996
geography,4001.6000000000004,1,5002
worry,4004.0,1,5005
danger,4010.4,1,5013
widely,4012.0,1,5015
phrase,4013.6000000000004,1,5017
genuine,4014.4,1,5018
emotional,4021.6000000000004,1,5027
leaf,4023.2000000000003,1,5029
combine,4030.4,1,5038
fault,4036.0,1,5045
introduce,4040.0,1,5050
silk,4040.8,1,5051
romantic,4047.2000000000003,1,5059
examine,4051.2000000000003,1,5064
sad,4056.8,1,5071
slowly,4059.2000000000003,1,5074
communicate,4060.8,1,5076
kick,4071.2000000000003,1,5089
meal,4072.8,1,5091
hurt,4074.4,1,5093
machinery,4075.2000000000003,1,5094
unlike,4076.8,1,5096
pot,4080.0,1,5100
slip,4088.0,1,5110
grass,4094.4,1,5118
achievement,4101.6,1,5127
passenger,4113.6,1,5142
convenient,4114.400000000001,1,5143
silent,4121.6,1,5152
egg,4123.2,1,5154
pill,4127.2,1,5159
swing,4129.6,1,5162
talent,4136.0,1,5170
shoot,4140.0,1,5175
spin,4147.2,1,5184
witness,4154.400000000001,1,5193
powder,4160.0,1,5200
wash,4163.2,1,5204
entrance,4165.6,1,5207
loose,4181.6,1,5227
illness,4188.0,1,5235
soap,4202.400000000001,1,5253
jam,4207.2,1,5259
unusual,4208.8,1,5261
destruction,4211.2,1,5264
increasingly,4212.8,1,5266
routine,4215.2,1,5269
basically,4216.8,1,5271
conventional,4218.400000000001,1,5273
hero,4235.2,1,5294
attitude,4238.400000000001,1,5298
engaged,4240.0,1,5300
carpet,4243.2,1,5304
difficulty,4248.8,1,5311
wage,4258.400000000001,1,5323
observation,4268.8,1,5336
coat,4272.8,1,5341
mrs,4274.400000000001,1,5343
opposition,4279.2,1,5349
container,4280.0,1,5350
recall,4296.0,1,5370
departure,4299.2,1,5374
belief,4300.8,1,5376
shoulder,4304.0,1,5380
singer,4319.2,1,5399
attraction,4328.0,1,5410
invite,4329.6,1,5412
suppose,4332.8,1,5416
involve,4335.2,1,5419
thirty,4338.400000000001,1,5423
opposite,4340.0,1,5425
rapidly,4341.6,1,5427
ban,4343.2,1,5429
clerk,4348.8,1,5436
vast,4350.400000000001,1,5438
outline,4352.0,1,5440
jeans,4356.0,1,5445
odd,4360.8,1,5451
wrap,4361.6,1,5452
mood,4363.2,1,5454
favor,4364.0,1,5455
attractive,4368.8,1,5461
occasion,4370.400000000001,1,5463
victim,4372.8,1,5466
careful,4375.2,1,5469
arrive,4379.2,1,5474
moreover,4382.400000000001,1,5478
aside,4387.2,1,5484
essay,4392.0,1,5490
discipline,4392.8,1,5491
alphabetical,4397.6,1,5497
trace,4402.400000000001,1,5503
shut,4404.0,1,5505
consult,4412.0,1,5515
greatly,4413.6,1,5517
midnight,4416.8,1,5521
commonly,4418.400000000001,1,5523
photographer,4420.0,1,5525
inform,4420.8,1,5526
coal,4422.400000000001,1,5528
cry,4423.2,1,5529
largely,4429.6,1,5537
pleasant,4430.400000000001,1,5538
announce,4431.2,1,5539
arrow,4436.0,1,5545
rough,4438.400000000001,1,5548
blade,4444.8,1,5556
suddenly,4445.6,1,5557
oxygen,4446.400000000001,1,5558
cookie,4447.2,1,5559
merely,4451.2,1,5564
arrangement,4452.8,1,5566
stretch,4457.6,1,5572
sleeve,4464.0,1,5580
beef,4467.2,1,5584
stroke,4468.8,1,5586
crowd,4478.400000000001,1,5598
customs,4487.2,1,5609
personality,4488.8,1,5611
hook,4490.400000000001,1,5613
decline,4492.0,1,5615
cloud,4496.8,1,5621
proceed,4502.400000000001,1,5628
knife,4504.8,1,5631
shelf,4507.2,1,5634
adopt,4511.2,1,5639
outer,4517.6,1,5647
crop,4518.400000000001,1,5648
twelve,4536.8,1,5671
decade,4538.400000000001,1,5673
tired,4542.400000000001,1,5678
everywhere,4544.8,1,5681
steam,4547.2,1,5684
climbing,4553.6,1,5692
sing,4555.2,1,5694
honest,4558.400000000001,1,5698
somebody,4563.2,1,5704
reputation,4566.400000000001,1,5708
hang,4569.6,1,5712
curve,4571.2,1,5714
variation,4577.6,1,5722
passage,4578.400000000001,1,5723
photograph,4585.6,1,5732
juice,4600.8,1,5751
chase,4601.6,1,5752
logical,4603.2,1,5754
sauce,4604.0,1,5755
fame,4604.8,1,5756
criticism,4612.8,1,5766
afraid,4636.0,1,5795
railway,4637.6,1,5797
initially,4639.2,1,5799
pointed,4640.8,1,5801
mistake,4644.0,1,5805
mineral,4648.8,1,5811
fortune,4652.8,1,5816
preference,4653.6,1,5817
translate,4676.8,1,5846
tune,4686.400000000001,1,5858
shaped,4690.400000000001,1,5863
farmer,4693.6,1,5867
perfectly,4697.6,1,5872
tin,4698.400000000001,1,5873
horizontal,4712.8,1,5891
struggle,4724.0,1,5905
suffering,4725.6,1,5907
ultimately,4732.0,1,5915
equally,4734.400000000001,1,5918
artificial,4735.2,1,5919
guilty,4742.400000000001,1,5928
naturally,4744.8,1,5931
tablet,4746.400000000001,1,5933
jury,4747.2,1,5934
tail,4748.8,1,5936
violent,4752.0,1,5940
underwear,4753.6,1,5942
soup,4755.2,1,5944
potentially,4756.0,1,5945
cottage,4760.8,1,5951
drunk,4761.6,1,5952
considerable,4762.400000000001,1,5953
nose,4767.2,1,5959
constantly,4783.2,1,5979
resolve,4784.8,1,5981
frequent,4797.6,1,5997
ceiling,4800.0,1,6000
anybody,4807.2,1,6009
bunch,4812.0,1,6015
afford,4816.0,1,6020
quit,4821.6,1,6027
lung,4824.0,1,6030
highlight,4824.8,1,6031
substitute,4825.6,1,6032
brilliant,4828.0,1,6035
spoken,4835.2,1,6044
grain,4850.400000000001,1,6063
depend,4858.400000000001,1,6073
breath,4864.0,1,6080
virtually,4865.6,1,6082
formerly,4873.6,1,6092
strictly,4880.8,1,6101
elegant,4887.2,1,6109
similarly,4903.2,1,6129
coin,4904.8,1,6131
excluding,4911.2,1,6139
cure,4914.400000000001,1,6143
suggestion,4920.8,1,6151
soldier,4922.400000000001,1,6153
bomb,4926.400000000001,1,6158
harm,4927.200000000001,1,6159
brush,4932.0,1,6165
investigate,4932.8,1,6166
repeated,4936.0,1,6170
spare,4938.400000000001,1,6173
tongue,4941.6,1,6177
proportion,4946.400000000001,1,6183
skirt,4948.0,1,6185
invest,4949.6,1,6187
sixth,4975.200000000001,1,6219
engage,4976.0,1,6220
cheat,4984.0,1,6230
suspect,4988.8,1,6236
crucial,4993.6,1,6242
celebration,4996.0,1,6245
laugh,5010.400000000001,1,6263
destroy,5012.8,1,6266
pitch,5014.400000000001,1,6268
offensive,5019.200000000001,1,6274
dozen,5020.8,1,6276
cloth,5024.0,1,6280
stamp,5026.400000000001,1,6283
mate,5035.200000000001,1,6294
butter,5039.200000000001,1,6299
pepper,5040.0,1,6300
weapon,5040.8,1,6301
luggage,5041.6,1,6302
occasionally,5060.8,1,6326
apparent,5070.400000000001,1,6338
autumn,5072.8,1,6341
toilet,5077.6,1,6347
excited,5081.6,1,6352
recover,5084.8,1,6356
explicit,5096.8,1,6371
calculation,5097.6,1,6372
exclude,5101.6,1,6377
anxiety,5108.8,1,6386
precious,5116.0,1,6395
annually,5117.6,1,6397
fold,5138.400000000001,1,6423
essentially,5139.200000000001,1,6424
qualify,5142.400000000001,1,6428
diagram,5148.0,1,6435
attach,5158.400000000001,1,6448
spider,5163.200000000001,1,6454
approve,5174.400000000001,1,6468
pole,5186.400000000001,1,6483
harvest,5189.6,1,6487
desperate,5196.8,1,6496
bend,5204.8,1,6506
sailing,5205.6,1,6507
unemployment,5224.0,1,6530
angry,5237.6,1,6547
compete,5243.200000000001,1,6554
lover,5245.6,1,6557
belong,5246.400000000001,1,6558
profession,5260.8,1,6576
separately,5264.0,1,6580
tire,5269.6,1,6587
participant,5270.400000000001,1,6588
friendship,5276.0,1,6595
frozen,5283.200000000001,1,6604
strain,5289.6,1,6612
drag,5290.400000000001,1,6613
ceremony,5291.200000000001,1,6614
somehow,5292.0,1,6615
rely,5298.400000000001,1,6623
dying,5302.400000000001,1,6628
adjust,5308.0,1,6635
silence,5315.200000000001,1,6644
possession,5318.400000000001,1,6648
lemon,5327.200000000001,1,6659
nail,5333.6,1,6667
joke,5340.0,1,6675
satisfy,5344.0,1,6680
shelter,5345.6,1,6682
manufacture,5348.0,1,6685
celebrate,5352.8,1,6691
mixture,5357.6,1,6697
impressive,5372.8,1,6716
railroad,5376.0,1,6720
preserve,5400.0,1,6750
poem,5401.6,1,6752
realistic,5420.0,1,6775
relax,5424.8,1,6781
hardly,5429.6,1,6787
absent,5434.400000000001,1,6793
float,5442.400000000001,1,6803
bubble,5446.400000000001,1,6808
acquire,5448.0,1,6810
admit,5456.8,1,6821
fancy,5458.400000000001,1,6823
tap,5462.400000000001,1,6828
relate,5474.400000000001,1,6843
swim,5476.0,1,6845
suffer,5478.400000000001,1,6848
retain,5485.6,1,6857
tunnel,5488.0,1,6860
distribute,5499.200000000001,1,6874
decorative,5500.8,1,6876
confused,5502.400000000001,1,6878
loud,5510.400000000001,1,6888
dramatic,5532.8,1,6916
terrible,5534.400000000001,1,6918
scientist,5539.200000000001,1,6924
fever,5548.0,1,6935
surely,5550.400000000001,1,6938
reasonably,5564.8,1,6956
flame,5576.8,1,6971
elderly,5580.8,1,6976
extraordinary,5585.6,1,6982
spell,5588.8,1,6986
construct,5603.200000000001,1,7004
curious,5610.400000000001,1,7013
actively,5624.8,1,7031
knee,5627.200000000001,1,7034
complicated,5629.6,1,7037
injured,5633.6,1,7042
ton,5637.6,1,7047
collapse,5641.6,1,7052
unlikely,5644.8,1,7056
rarely,5658.400000000001,1,7073
barrier,5663.200000000001,1,7079
argue,5664.0,1,7080
bicycle,5667.200000000001,1,7084
arise,5669.6,1,7087
advise,5676.8,1,7096
survive,5693.6,1,7117
reveal,5699.200000000001,1,7124
cow,5705.6,1,7132
strict,5711.200000000001,1,7139
offense,5715.200000000001,1,7144
protest,5718.400000000001,1,7148
hobby,5721.6,1,7152
invention,5724.0,1,7155
trick,5733.6,1,7167
enquiry,5734.400000000001,1,7168
steady,5744.8,1,7181
dirt,5745.6,1,7182
screw,5756.0,1,7195
blame,5759.200000000001,1,7199
informal,5768.0,1,7210
heavily,5772.8,1,7216
fifty,5774.400000000001,1,7218
uncle,5779.200000000001,1,7224
sink,5783.200000000001,1,7229
assure,5784.8,1,7231
devoted,5786.400000000001,1,7233
meanwhile,5792.0,1,7240
brick,5795.200000000001,1,7244
shortly,5808.0,1,7260
innocent,5816.8,1,7271
horn,5826.400000000001,1,7283
intention,5836.0,1,7295
disagree,5837.6,1,7297
anger,5851.200000000001,1,7314
happiness,5857.6,1,7322
substantially,5859.200000000001,1,7324
startup,5871.200000000001,1,7339
impression,5882.400000000001,1,7353
nervous,5892.8,1,7366
refuse,5893.6,1,7367
transparent,5903.200000000001,1,7379
calm,5909.6,1,7387
farming,5921.6,1,7402
fork,5924.0,1,7405
organize,5928.8,1,7411
alter,5930.400000000001,1,7413
skilled,5936.8,1,7421
harmony,5939.200000000001,1,7424
triangle,5948.0,1,7435
reward,5951.200000000001,1,7439
confusion,5962.400000000001,1,7453
arrange,5980.0,1,7475
artistic,5980.8,1,7476
breed,5987.200000000001,1,7484
precise,5991.200000000001,1,7489
lip,5998.400000000001,1,7498
gather,6000.8,1,7501
slight,6012.8,1,7516
indirect,6014.400000000001,1,7518
wool,6016.0,1,7520
arrest,6018.400000000001,1,7523
deeply,6023.200000000001,1,7529
pursue,6036.8,1,7546
overcome,6038.400000000001,1,7548
grab,6041.6,1,7552
attract,6043.200000000001,1,7554
snake,6048.0,1,7560
trap,6066.400000000001,1,7583
lonely,6067.200000000001,1,7584
fool,6068.0,1,7585
observe,6072.8,1,7591
confident,6086.400000000001,1,7608
officially,6088.8,1,7611
bacteria,6092.0,1,7615
allied,6109.6,1,7637
transform,6120.0,1,7650
vegetable,6126.400000000001,1,7658
scratch,6132.0,1,7665
bullet,6143.200000000001,1,7679
ugly,6151.200000000001,1,7689
encounter,6154.400000000001,1,7693
attempted,6164.0,1,7705
hammer,6176.8,1,7721
runner,6179.200000000001,1,7724
beneath,6189.6,1,7737
defend,6191.200000000001,1,7739
aggressive,6200.0,1,7750
mere,6220.0,1,7775
dig,6230.400000000001,1,7788
punishment,6232.0,1,7790
subsequently,6233.6,1,7792
thumb,6239.200000000001,1,7799
twist,6268.0,1,7835
stomach,6270.400000000001,1,7838
deny,6280.8,1,7851
breakdown,6291.200000000001,1,7864
spice,6340.0,1,7925
prospect,6351.200000000001,1,7939
tension,6356.8,1,7946
envelope,6364.8,1,7956
remarkable,6387.200000000001,1,7984
pig,6394.400000000001,1,7993
varied,6403.200000000001,1,8004
actress,6406.400000000001,1,8008
mess,6407.200000000001,1,8009
shade,6420.0,1,8025
rhythm,6422.400000000001,1,8028
sudden,6427.200000000001,1,8034
approximate,6439.200000000001,1,8049
rope,6440.0,1,8050
dump,6444.8,1,8056
grave,6452.0,1,8065
gentle,6460.0,1,8075
unexpected,6480.8,1,8101
cigarette,6481.6,1,8102
characteristic,6483.200000000001,1,8104
headline,6489.6,1,8112
enormous,6496.8,1,8121
consist,6498.400000000001,1,8123
defeat,6508.0,1,8135
shake,6520.0,1,8150
silly,6524.0,1,8155
wrapping,6530.400000000001,1,8163
mild,6531.200000000001,1,8164
fur,6532.0,1,8165
fence,6540.0,1,8175
legally,6546.400000000001,1,8183
shame,6547.200000000001,1,8184
breathing,6556.0,1,8195
briefly,6556.8,1,8196
thickness,6557.6,1,8197
fighter,6562.400000000001,1,8203
flesh,6564.0,1,8205
wherever,6567.200000000001,1,8209
urgent,6623.200000000001,1,8279
indication,6628.8,1,8286
surround,6637.6,1,8297
smell,6651.200000000001,1,8314
roughly,6657.6,1,8322
physically,6661.6,1,8327
divide,6662.400000000001,1,8328
deserve,6668.8,1,8336
worried,6674.400000000001,1,8343
garbage,6676.0,1,8345
boring,6684.8,1,8356
accurately,6688.0,1,8360
nerve,6701.6,1,8377
acknowledge,6717.6,1,8397
thoroughly,6718.400000000001,1,8398
tent,6721.6,1,8402
qualification,6724.8,1,8406
dare,6730.400000000001,1,8413
consequence,6735.200000000001,1,8419
vocabulary,6757.6,1,8447
impressed,6782.400000000001,1,8478
slope,6783.200000000001,1,8479
nut,6795.200000000001,1,8494
twisted,6797.6,1,8497
tackle,6804.8,1,8506
lean,6820.0,1,8525
bye,6820.8,1,8526
occasional,6823.200000000001,1,8529
potato,6839.200000000001,1,8549
excuse,6845.6,1,8557
onion,6848.0,1,8560
girlfriend,6854.400000000001,1,8568
cheque,6856.0,1,8570
reject,6859.200000000001,1,8574
abandoned,6860.8,1,8576
courage,6876.0,1,8595
entertaining,6895.200000000001,1,8619
settle,6898.400000000001,1,8623
peaceful,6906.400000000001,1,8633
sewing,6916.0,1,8645
conclude,6918.400000000001,1,8648
propose,6923.200000000001,1,8654
steal,6946.400000000001,1,8683
fifteen,6950.400000000001,1,8688
flavor,6964.0,1,8705
hungry,6968.0,1,8710
undo,6975.200000000001,1,8719
publicity,6988.0,1,8735
dressed,6994.400000000001,1,8743
criterion,7013.6,1,8767
wrist,7015.200000000001,1,8769
wallet,7048.8,1,8811
intend,7067.200000000001,1,8834
bite,7078.400000000001,1,8848
striking,7082.400000000001,1,8853
infectious,7084.0,1,8855
phenomenon,7092.8,1,8866
conscious,7097.6,1,8872
accent,7098.400000000001,1,8873
eleven,7100.0,1,8875
unlock,7107.200000000001,1,8884
differently,7118.400000000001,1,8898
musician,7123.200000000001,1,8904
remark,7135.200000000001,1,8919
researcher,7150.400000000001,1,8938
traveller,7202.400000000001,1,9003
mud,7219.200000000001,1,9024
grateful,7224.8,1,9031
gradually,7226.400000000001,1,9033
journalist,7233.6,1,9042
afterwards,7236.8,1,9046
shine,7240.8,1,9051
explosion,7242.400000000001,1,9053
employ,7279.200000000001,1,9099
lazy,7300.0,1,9125
importantly,7312.8,1,9141
deaf,7333.6,1,9167
neighbor,7352.8,1,9191
elect,7354.400000000001,1,9193
concentrate,7356.8,1,9196
refrigerator,7366.400000000001,1,9208
keen,7373.6,1,9217
needle,7386.400000000001,1,9233
generous,7398.400000000001,1,9248
climb,7400.8,1,9251
suited,7431.200000000001,1,9289
educated,7441.6,1,9302
tomato,7459.200000000001,1,9324
pale,7465.6,1,9332
delight,7470.400000000001,1,9338
declare,7478.400000000001,1,9348
continuously,7479.200000000001,1,9349
tear,7484.8,1,9356
jewel,7485.6,1,9357
stranger,7492.8,1,9366
nest,7495.200000000001,1,9369
painful,7497.6,1,9372
nowhere,7504.8,1,9381
scary,7513.6,1,9392
remind,7525.6,1,9407
tooth,7531.200000000001,1,9414
annoying,7532.8,1,9416
affair,7536.0,1,9420
beside,7540.8,1,9426
pencil,7553.6,1,9442
freeze,7554.400000000001,1,9443
performer,7556.0,1,9445
dramatically,7570.400000000001,1,9463
alternatively,7606.400000000001,1,9508
heel,7607.200000000001,1,9509
justify,7624.8,1,9531
advert,7632.8,1,9541
possess,7633.6,1,9542
hollow,7652.8,1,9566
temporarily,7689.6,1,9612
colleague,7732.8,1,9666
harmful,7737.6,1,9672
badly,7760.0,1,9700
disappointed,7763.200000000001,1,9704
excitement,7780.8,1,9726
mysterious,7788.0,1,9735
sail,7813.6,1,9767
brave,7817.6,1,9772
awful,7820.0,1,9775
knock,7848.0,1,9810
creature,7861.6,1,9827
ours,7862.400000000001,1,9828
cope,7878.400000000001,1,9848
flour,7885.6,1,9857
sympathy,7888.8,1,9861
beautifully,7891.200000000001,1,9864
burst,7900.8,1,9876
gentleman,7912.8,1,9891
reproduce,7914.400000000001,1,9893
prisoner,7925.6,1,9907
sufficiently,7940.0,1,9925
bored,7943.200000000001,1,9929
cleanup,7944.0,1,9930
knit,7945.6,1,9932
bother,7948.8,1,9936
continent,7961.6,1,9952
resist,7965.6,1,9957
scared,7985.6,1,9982
bent,7988.0,1,9985
poison,8000.0,1,10000
sweep,40000.0,1,50000
statue,40000.0,1,50000
backward,40000.0,1,50000
beak,40000.0,1,50000
painter,40000.0,1,50000
swallow,40000.0,1,50000
swear,40000.0,1,50000
backwards,40000.0,1,50000
bore,40000.0,1,50000
steadily,40000.0,1,50000
boil,40000.0,1,50000
switchoff,40000.0,1,50000
borrow,40000.0,1,50000
persuade,40000.0,1,50000
sweat,40000.0,1,50000
believein,40000.0,1,50000
takeon,40000.0,1,50000
attendto,40000.0,1,50000
oughtto,40000.0,1,50000
aunt,40000.0,1,50000
awake,40000.0,1,50000
awfully,40000.0,1,50000
beleftover,40000.0,1,50000
takeoff,40000.0,1,50000
awkward,40000.0,1,50000
pretend,40000.0,1,50000
presumably,40000.0,1,50000
swollen,40000.0,1,50000
boyfriend,40000.0,1,50000
awkwardly,40000.0,1,50000
owe,40000.0,1,50000
photocopy,40000.0,1,50000
bad-tempered,40000.0,1,50000
behave,40000.0,1,50000
takeback,40000.0,1,50000
politely,40000.0,1,50000
takeaway,40000.0,1,50000
pint,40000.0,1,50000
supporter,40000.0,1,50000
bitterly,40000.0,1,50000
bitter,40000.0,1,50000
politician,40000.0,1,50000
pity,40000.0,1,50000
pause,40000.0,1,50000
poisonous,40000.0,1,50000
bandage,40000.0,1,50000
strangely,40000.0,1,50000
suitcase,40000.0,1,50000
stripe,40000.0,1,50000
baseon,40000.0,1,50000
polite,40000.0,1,50000
takein,40000.0,1,50000
stir,40000.0,1,50000
stiff,40000.0,1,50000
sympathetic,40000.0,1,50000
steep,40000.0,1,50000
biscuit,40000.0,1,50000
suspicious,40000.0,1,50000
becauseof,40000.0,1,50000
suspicion,40000.0,1,50000
steer,40000.0,1,50000
sting,40000.0,1,50000
takedown,40000.0,1,50000
postpone,40000.0,1,50000
blowup,40000.0,1,50000
beatup,40000.0,1,50000
blowout,40000.0,1,50000
bake,40000.0,1,50000
beard,40000.0,1,50000
pile,40000.0,1,50000
baggage,40000.0,1,50000
belongto,40000.0,1,50000
quietly,40000.0,1,50000
startoff,40000.0,1,50000
alongside,40000.0,1,50000
aloud,40000.0,1,50000
alphabet,40000.0,1,50000
accordingto,40000.0,1,50000
shutdown,40000.0,1,50000
scare,40000.0,1,50000
alphabetically,40000.0,1,50000
altogether,40000.0,1,50000
amaze,40000.0,1,50000
amazed,40000.0,1,50000
shutup,40000.0,1,50000
ambition,40000.0,1,50000
ambulance,40000.0,1,50000
salty,40000.0,1,50000
amountto,40000.0,1,50000
amuse,40000.0,1,50000
sadness,40000.0,1,50000
sadly,40000.0,1,50000
accompany,40000.0,1,50000
sack,40000.0,1,50000
rumor,40000.0,1,50000
ruler,40000.0,1,50000
accidentally,40000.0,1,50000
amused,40000.0,1,50000
rude,40000.0,1,50000
scissors,40000.0,1,50000
showup,40000.0,1,50000
scream,40000.0,1,50000
accountfor,40000.0,1,50000
shocking,40000.0,1,50000
shocked,40000.0,1,50000
adequately,40000.0,1,50000
shootdown,40000.0,1,50000
shiny,40000.0,1,50000
addup,40000.0,1,50000
admiration,40000.0,1,50000
shave,40000.0,1,50000
shout,40000.0,1,50000
sharply,40000.0,1,50000
admire,40000.0,1,50000
shallow,40000.0,1,50000
rubbish,40000.0,1,50000
sew,40000.0,1,50000
adapt,40000.0,1,50000
affection,40000.0,1,50000
sensible,40000.0,1,50000
acouple,40000.0,1,50000
alarmed,40000.0,1,50000
accuse,40000.0,1,50000
alarming,40000.0,1,50000
alcoholic,40000.0,1,50000
showoff,40000.0,1,50000
allowfor,40000.0,1,50000
allright,40000.0,1,50000
ally,40000.0,1,50000
severely,40000.0,1,50000
rub,40000.0,1,50000
sincere,40000.0,1,50000
amusing,40000.0,1,50000
relaxed,40000.0,1,50000
regret,40000.0,1,50000
sock,40000.0,1,50000
apologize,40000.0,1,50000
softly,40000.0,1,50000
recruit,40000.0,1,50000
appoint,40000.0,1,50000
approving,40000.0,1,50000
react,40000.0,1,50000
sore,40000.0,1,50000
sortout,40000.0,1,50000
addupto,40000.0,1,50000
socially,40000.0,1,50000
arriveat,40000.0,1,50000
artistically,40000.0,1,50000
punish,40000.0,1,50000
ashamed,40000.0,1,50000
spicy,40000.0,1,50000
spite,40000.0,1,50000
splitup,40000.0,1,50000
asidefrom,40000.0,1,50000
spoil,40000.0,1,50000
spoon,40000.0,1,50000
squeeze,40000.0,1,50000
stair,40000.0,1,50000
asleep,40000.0,1,50000
artificially,40000.0,1,50000
startout,40000.0,1,50000
relaxing,40000.0,1,50000
smoothly,40000.0,1,50000
accidental,40000.0,1,50000
analyse,40000.0,1,50000
absorb,40000.0,1,50000
angrily,40000.0,1,50000
retire,40000.0,1,50000
sincerely,40000.0,1,50000
ankle,40000.0,1,50000
annoy,40000.0,1,50000
sixteen,40000.0,1,50000
annoyed,40000.0,1,50000
resemble,40000.0,1,50000
sixtieth,40000.0,1,50000
apartfrom,40000.0,1,50000
sixty,40000.0,1,50000
skilfully,40000.0,1,50000
anti-,40000.0,1,50000
anticipate,40000.0,1,50000
anxious,40000.0,1,50000
slice,40000.0,1,50000
anxiously,40000.0,1,50000
repeatedly,40000.0,1,50000
rented,40000.0,1,50000
smash,40000.0,1,50000
remindof,40000.0,1,50000
abandon,40000.0,1,50000
relyon,40000.0,1,50000
skilful,40000.0,1,50000
ruin,40000.0,1,50000
emphasize,40000.0,1,50000
breakinto,40000.0,1,50000
govern,40000.0,1,50000
gradual,40000.0,1,50000
deliberately,40000.0,1,50000
grandchild,40000.0,1,50000
granddaughter,40000.0,1,50000
grandfather,40000.0,1,50000
grandmother,40000.0,1,50000
grandparent,40000.0,1,50000
grandson,40000.0,1,50000
deliberate,40000.0,1,50000
definite,40000.0,1,50000
decoration,40000.0,1,50000
greet,40000.0,1,50000
habit,40000.0,1,50000
decorate,40000.0,1,50000
delicate,40000.0,1,50000
goodbye,40000.0,1,50000
delighted,40000.0,1,50000
dentist,40000.0,1,50000
frightening,40000.0,1,50000
disadvantage,40000.0,1,50000
dieout,40000.0,1,50000
dieaway,40000.0,1,50000
devoteto,40000.0,1,50000
devote,40000.0,1,50000
desperately,40000.0,1,50000
hairdresser,40000.0,1,50000
deserted,40000.0,1,50000
glove,40000.0,1,50000
derive,40000.0,1,50000
glue,40000.0,1,50000
depressing,40000.0,1,50000
depressed,40000.0,1,50000
depress,40000.0,1,50000
dependon,40000.0,1,50000
derivefrom,40000.0,1,50000
handful,40000.0,1,50000
handsome,40000.0,1,50000
handwriting,40000.0,1,50000
curtain,40000.0,1,50000
curly,40000.0,1,50000
curlup,40000.0,1,50000
curl,40000.0,1,50000
humorous,40000.0,1,50000
humour,40000.0,1,50000
curiously,40000.0,1,50000
honestly,40000.0,1,50000
hurry,40000.0,1,50000
cupboard,40000.0,1,50000
cryout,40000.0,1,50000
illustrate,40000.0,1,50000
crush,40000.0,1,50000
implication,40000.0,1,50000
cruel,40000.0,1,50000
crowded,40000.0,1,50000
icecream,40000.0,1,50000
frightened,40000.0,1,50000
curved,40000.0,1,50000
cutdown,40000.0,1,50000
harmless,40000.0,1,50000
harsh,40000.0,1,50000
decideon,40000.0,1,50000
decay,40000.0,1,50000
dealwith,40000.0,1,50000
hatred,40000.0,1,50000
dealin,40000.0,1,50000
cutback,40000.0,1,50000
dateback,40000.0,1,50000
helpout,40000.0,1,50000
damp,40000.0,1,50000
cutup,40000.0,1,50000
hers,40000.0,1,50000
hesitate,40000.0,1,50000
cutout,40000.0,1,50000
cutoff,40000.0,1,50000
dancer,40000.0,1,50000
frighten,40000.0,1,50000
disagreement,40000.0,1,50000
disappear,40000.0,1,50000
eighty,40000.0,1,50000
exaggerate,40000.0,1,50000
exaggerated,40000.0,1,50000
eightieth,40000.0,1,50000
excite,40000.0,1,50000
eighth,40000.0,1,50000
eighteenth,40000.0,1,50000
elbow,40000.0,1,50000
eighteen,40000.0,1,50000
educate,40000.0,1,50000
explode,40000.0,1,50000
eachother,40000.0,1,50000
dull,40000.0,1,50000
expose,40000.0,1,50000
dryup,40000.0,1,50000
dryoff,40000.0,1,50000
expectation,40000.0,1,50000
drugstore,40000.0,1,50000
elevator,40000.0,1,50000
embarrass,40000.0,1,50000
encouragement,40000.0,1,50000
endin,40000.0,1,50000
emotionally,40000.0,1,50000
emotion,40000.0,1,50000
enjoyable,40000.0,1,50000
enjoyment,40000.0,1,50000
emerge,40000.0,1,50000
eleventh,40000.0,1,50000
entertain,40000.0,1,50000
enthusiasm,40000.0,1,50000
enthusiastic,40000.0,1,50000
enthusiastically,40000.0,1,50000
embarrassment,40000.0,1,50000
entitle,40000.0,1,50000
embarrassing,40000.0,1,50000
embarrassed,40000.0,1,50000
entertainer,40000.0,1,50000
crossout,40000.0,1,50000
dropout,40000.0,1,50000
faithful,40000.0,1,50000
dislike,40000.0,1,50000
dishonestly,40000.0,1,50000
findout,40000.0,1,50000
dishonest,40000.0,1,50000
disgusting,40000.0,1,50000
disgusted,40000.0,1,50000
flee,40000.0,1,50000
figureout,40000.0,1,50000
disgust,40000.0,1,50000
disapproving,40000.0,1,50000
disapprove,40000.0,1,50000
disapproval,40000.0,1,50000
fourteen,40000.0,1,50000
disappointment,40000.0,1,50000
disappointing,40000.0,1,50000
disappoint,40000.0,1,50000
forgive,40000.0,1,50000
faint,40000.0,1,50000
dismiss,40000.0,1,50000
fetch,40000.0,1,50000
faithfully,40000.0,1,50000
dressup,40000.0,1,50000
drawer,40000.0,1,50000
downwards,40000.0,1,50000
downward,40000.0,1,50000
downstairs,40000.0,1,50000
farther,40000.0,1,50000
dissolve,40000.0,1,50000
farthest,40000.0,1,50000
fasten,40000.0,1,50000
dominate,40000.0,1,50000
divorced,40000.0,1,50000
disturbing,40000.0,1,50000
feather,40000.0,1,50000
disturb,40000.0,1,50000
distinguish,40000.0,1,50000
fashionable,40000.0,1,50000
impress,40000.0,1,50000
criticize,40000.0,1,50000
crisp,40000.0,1,50000
milligram,40000.0,1,50000
millimetre,40000.0,1,50000
carryon,40000.0,1,50000
carrot,40000.0,1,50000
carelessly,40000.0,1,50000
careless,40000.0,1,50000
carefor,40000.0,1,50000
carryout,40000.0,1,50000
cardboard,40000.0,1,50000
cannot,40000.0,1,50000
calmly,40000.0,1,50000
calmdown,40000.0,1,50000
callup,40000.0,1,50000
calloff,40000.0,1,50000
multiply,40000.0,1,50000
mum,40000.0,1,50000
mobilephone,40000.0,1,50000
callfor,40000.0,1,50000
mid-,40000.0,1,50000
cease,40000.0,1,50000
cheek,40000.0,1,50000
checkupon,40000.0,1,50000
checkover,40000.0,1,50000
checkon,40000.0,1,50000
checkinto,40000.0,1,50000
checkin,40000.0,1,50000
cheatof,40000.0,1,50000
catchup,40000.0,1,50000
marry,40000.0,1,50000
chaseaway,40000.0,1,50000
changeround,40000.0,1,50000
chairwoman,40000.0,1,50000
mechanic,40000.0,1,50000
centimetre,40000.0,1,50000
melt,40000.0,1,50000
cellphone,40000.0,1,50000
cheaply,40000.0,1,50000
cheerful,40000.0,1,50000
callback,40000.0,1,50000
bury,40000.0,1,50000
bringdown,40000.0,1,50000
bringback,40000.0,1,50000
o'clock,40000.0,1,50000
obey,40000.0,1,50000
brightly,40000.0,1,50000
breatheout,40000.0,1,50000
occupy,40000.0,1,50000
noticeable,40000.0,1,50000
oddly,40000.0,1,50000
offence,40000.0,1,50000
offend,40000.0,1,50000
breathe,40000.0,1,50000
breakup,40000.0,1,50000
breakout,40000.0,1,50000
breakoff,40000.0,1,50000
oppose,40000.0,1,50000
breathein,40000.0,1,50000
businessman,40000.0,1,50000
bringforward,40000.0,1,50000
bringup,40000.0,1,50000
neat,40000.0,1,50000
neatly,40000.0,1,50000
burstout,40000.0,1,50000
burstinto,40000.0,1,50000
negotiate,40000.0,1,50000
nervously,40000.0,1,50000
burnt,40000.0,1,50000
bringout,40000.0,1,50000
burndown,40000.0,1,50000
nineteen,40000.0,1,50000
ninety,40000.0,1,50000
ninth,40000.0,1,50000
buildup,40000.0,1,50000
broadly,40000.0,1,50000
noisy,40000.0,1,50000
nonsense,40000.0,1,50000
nicely,40000.0,1,50000
breakin,40000.0,1,50000
cheerfully,40000.0,1,50000
chew,40000.0,1,50000
contrasting,40000.0,1,50000
insist,40000.0,1,50000
insiston,40000.0,1,50000
insteadof,40000.0,1,50000
instruct,40000.0,1,50000
insult,40000.0,1,50000
insulting,40000.0,1,50000
insect,40000.0,1,50000
consistof,40000.0,1,50000
interrupt,40000.0,1,50000
considerably,40000.0,1,50000
invent,40000.0,1,50000
congratulation,40000.0,1,50000
congratulate,40000.0,1,50000
confusing,40000.0,1,50000
irritate,40000.0,1,50000
interpret,40000.0,1,50000
confuse,40000.0,1,50000
injure,40000.0,1,50000
initiate,40000.0,1,50000
inability,40000.0,1,50000
creditcard,40000.0,1,50000
cracked,40000.0,1,50000
coverup,40000.0,1,50000
cousin,40000.0,1,50000
countryside,40000.0,1,50000
indirectly,40000.0,1,50000
convince,40000.0,1,50000
counton,40000.0,1,50000
inevitable,40000.0,1,50000
cough,40000.0,1,50000
inevitably,40000.0,1,50000
infect,40000.0,1,50000
cooldown,40000.0,1,50000
ingredient,40000.0,1,50000
cooker,40000.0,1,50000
indoors,40000.0,1,50000
chemist,40000.0,1,50000
irritated,40000.0,1,50000
confined,40000.0,1,50000
comefrom,40000.0,1,50000
comeacross,40000.0,1,50000
lightly,40000.0,1,50000
coloured,40000.0,1,50000
litre,40000.0,1,50000
coldly,40000.0,1,50000
closet,40000.0,1,50000
comein,40000.0,1,50000
clever,40000.0,1,50000
circumstance,40000.0,1,50000
chopoff,40000.0,1,50000
loudly,40000.0,1,50000
chopdown,40000.0,1,50000
chop,40000.0,1,50000
chin,40000.0,1,50000
lump,40000.0,1,50000
clap,40000.0,1,50000
confront,40000.0,1,50000
lend,40000.0,1,50000
comeon,40000.0,1,50000
confine,40000.0,1,50000
jealous,40000.0,1,50000
jelly,40000.0,1,50000
concentrateon,40000.0,1,50000
complicate,40000.0,1,50000
jointly,40000.0,1,50000
judgement,40000.0,1,50000
comeoff,40000.0,1,50000
complain,40000.0,1,50000
kindness,40000.0,1,50000
comfortably,40000.0,1,50000
comeupto,40000.0,1,50000
comeup,40000.0,1,50000
cometo,40000.0,1,50000
comeround,40000.0,1,50000
comeout,40000.0,1,50000
kindly,40000.0,1,50000
takeover,40000.0,1,50000
