word,ngsl_rank
bank,1
money,2
interest,3
rate,4
account,5
deposit,6
loan,7
credit,8
card,9
tax,10
word_11,11
word_12,12
word_13,13
word_14,14
word_15,15
word_16,16
word_17,17
word_18,18
word_19,19
word_20,20
word_21,21
word_22,22
word_23,23
word_24,24
word_25,25
word_26,26
word_27,27
word_28,28
word_29,29
word_30,30
word_31,31
word_32,32
word_33,33
word_34,34
word_35,35
word_36,36
word_37,37
word_38,38
word_39,39
word_40,40
word_41,41
word_42,42
word_43,43
word_44,44
word_45,45
word_46,46
word_47,47
word_48,48
word_49,49
word_50,50
word_51,51
word_52,52
word_53,53
word_54,54
word_55,55
word_56,56
word_57,57
word_58,58
word_59,59
word_60,60
word_61,61
word_62,62
word_63,63
word_64,64
word_65,65
word_66,66
word_67,67
word_68,68
word_69,69
word_70,70
word_71,71
word_72,72
word_73,73
word_74,74
word_75,75
word_76,76
word_77,77
word_78,78
word_79,79
word_80,80
word_81,81
word_82,82
word_83,83
word_84,84
word_85,85
word_86,86
word_87,87
word_88,88
word_89,89
word_90,90
word_91,91
word_92,92
word_93,93
word_94,94
word_95,95
word_96,96
word_97,97
word_98,98
word_99,99
word_100,100
word_101,101
word_102,102
word_103,103
word_104,104
word_105,105
word_106,106
word_107,107
word_108,108
word_109,109
word_110,110
word_111,111
word_112,112
word_113,113
word_114,114
word_115,115
word_116,116
word_117,117
word_118,118
word_119,119
word_120,120
word_121,121
word_122,122
word_123,123
word_124,124
word_125,125
word_126,126
word_127,127
word_128,128
word_129,129
word_130,130
word_131,131
word_132,132
word_133,133
word_134,134
word_135,135
word_136,136
word_137,137
word_138,138
word_139,139
word_140,140
word_141,141
word_142,142
word_143,143
word_144,144
word_145,145
word_146,146
word_147,147
word_148,148
word_149,149
word_150,150
word_151,151
word_152,152
word_153,153
word_154,154
word_155,155
word_156,156
word_157,157
word_158,158
word_159,159
word_160,160
word_161,161
word_162,162
word_163,163
word_164,164
word_165,165
word_166,166
word_167,167
word_168,168
word_169,169
word_170,170
word_171,171
word_172,172
word_173,173
word_174,174
word_175,175
word_176,176
word_177,177
word_178,178
word_179,179
word_180,180
word_181,181
word_182,182
word_183,183
word_184,184
word_185,185
word_186,186
word_187,187
word_188,188
word_189,189
word_190,190
word_191,191
word_192,192
word_193,193
word_194,194
word_195,195
word_196,196
word_197,197
word_198,198
word_199,199
word_200,200
word_201,201
word_202,202
word_203,203
word_204,204
word_205,205
word_206,206
word_207,207
word_208,208
word_209,209
word_210,210
word_211,211
word_212,212
word_213,213
word_214,214
word_215,215
word_216,216
word_217,217
word_218,218
word_219,219
word_220,220
word_221,221
word_222,222
word_223,223
word_224,224
word_225,225
word_226,226
word_227,227
word_228,228
word_229,229
word_230,230
word_231,231
word_232,232
word_233,233
word_234,234
word_235,235
word_236,236
word_237,237
word_238,238
word_239,239
word_240,240
word_241,241
word_242,242
word_243,243
word_244,244
word_245,245
word_246,246
word_247,247
word_248,248
word_249,249
word_250,250
word_251,251
word_252,252
word_253,253
word_254,254
word_255,255
word_256,256
word_257,257
word_258,258
word_259,259
word_260,260
word_261,261
word_262,262
word_263,263
word_264,264
word_265,265
word_266,266
word_267,267
word_268,268
word_269,269
word_270,270
word_271,271
word_272,272
word_273,273
word_274,274
word_275,275
word_276,276
word_277,277
word_278,278
word_279,279
word_280,280
word_281,281
word_282,282
word_283,283
word_284,284
word_285,285
word_286,286
word_287,287
word_288,288
word_289,289
word_290,290
word_291,291
word_292,292
word_293,293
word_294,294
word_295,295
word_296,296
word_297,297
word_298,298
word_299,299
word_300,300
word_301,301
word_302,302
word_303,303
word_304,304
word_305,305
word_306,306
word_307,307
word_308,308
word_309,309
word_310,310
word_311,311
word_312,312
word_313,313
word_314,314
word_315,315
word_316,316
word_317,317
word_318,318
word_319,319
word_320,320
word_321,321
word_322,322
word_323,323
word_324,324
word_325,325
word_326,326
word_327,327
word_328,328
word_329,329
word_330,330
word_331,331
word_332,332
word_333,333
word_334,334
word_335,335
word_336,336
word_337,337
word_338,338
word_339,339
word_340,340
word_341,341
word_342,342
word_343,343
word_344,344
word_345,345
word_346,346
word_347,347
word_348,348
word_349,349
word_350,350
word_351,351
word_352,352
word_353,353
word_354,354
word_355,355
word_356,356
word_357,357
word_358,358
word_359,359
word_360,360
word_361,361
word_362,362
word_363,363
word_364,364
word_365,365
word_366,366
word_367,367
word_368,368
word_369,369
word_370,370
word_371,371
word_372,372
word_373,373
word_374,374
word_375,375
word_376,376
word_377,377
word_378,378
word_379,379
word_380,380
word_381,381
word_382,382
word_383,383
word_384,384
word_385,385
word_386,386
word_387,387
word_388,388
word_389,389
word_390,390
word_391,391
word_392,392
word_393,393
word_394,394
word_395,395
word_396,396
word_397,397
word_398,398
word_399,399
word_400,400
word_401,401
word_402,402
word_403,403
word_404,404
word_405,405
word_406,406
word_407,407
word_408,408
word_409,409
word_410,410
word_411,411
word_412,412
word_413,413
word_414,414
word_415,415
word_416,416
word_417,417
word_418,418
word_419,419
word_420,420
word_421,421
word_422,422
word_423,423
word_424,424
word_425,425
word_426,426
word_427,427
word_428,428
word_429,429
word_430,430
word_431,431
word_432,432
word_433,433
word_434,434
word_435,435
word_436,436
word_437,437
word_438,438
word_439,439
word_440,440
word_441,441
word_442,442
word_443,443
word_444,444
word_445,445
word_446,446
word_447,447
word_448,448
word_449,449
word_450,450
word_451,451
word_452,452
word_453,453
word_454,454
word_455,455
word_456,456
word_457,457
word_458,458
word_459,459
word_460,460
word_461,461
word_462,462
word_463,463
word_464,464
word_465,465
word_466,466
word_467,467
word_468,468
word_469,469
word_470,470
word_471,471
word_472,472
word_473,473
word_474,474
word_475,475
word_476,476
word_477,477
word_478,478
word_479,479
word_480,480
word_481,481
word_482,482
word_483,483
word_484,484
word_485,485
word_486,486
word_487,487
word_488,488
word_489,489
word_490,490
word_491,491
word_492,492
word_493,493
word_494,494
word_495,495
word_496,496
word_497,497
word_498,498
word_499,499
word_500,500
word_501,501
word_502,502
word_503,503
word_504,504
word_505,505
word_506,506
word_507,507
word_508,508
word_509,509
word_510,510
word_511,511
word_512,512
word_513,513
word_514,514
word_515,515
word_516,516
word_517,517
word_518,518
word_519,519
word_520,520
word_521,521
word_522,522
word_523,523
word_524,524
word_525,525
word_526,526
word_527,527
word_528,528
word_529,529
word_530,530
word_531,531
word_532,532
word_533,533
word_534,534
word_535,535
word_536,536
word_537,537
word_538,538
word_539,539
word_540,540
word_541,541
word_542,542
word_543,543
word_544,544
word_545,545
word_546,546
word_547,547
word_548,548
word_549,549
word_550,550
word_551,551
word_552,552
word_553,553
word_554,554
word_555,555
word_556,556
word_557,557
word_558,558
word_559,559
word_560,560
word_561,561
word_562,562
word_563,563
word_564,564
word_565,565
word_566,566
word_567,567
word_568,568
word_569,569
word_570,570
word_571,571
word_572,572
word_573,573
word_574,574
word_575,575
word_576,576
word_577,577
word_578,578
word_579,579
word_580,580
word_581,581
word_582,582
word_583,583
word_584,584
word_585,585
word_586,586
word_587,587
word_588,588
word_589,589
word_590,590
word_591,591
word_592,592
word_593,593
word_594,594
word_595,595
word_596,596
word_597,597
word_598,598
word_599,599
word_600,600
word_601,601
word_602,602
word_603,603
word_604,604
word_605,605
word_606,606
word_607,607
word_608,608
word_609,609
word_610,610
word_611,611
word_612,612
word_613,613
word_614,614
word_615,615
word_616,616
word_617,617
word_618,618
word_619,619
word_620,620
word_621,621
word_622,622
word_623,623
word_624,624
word_625,625
word_626,626
word_627,627
word_628,628
word_629,629
word_630,630
word_631,631
word_632,632
word_633,633
word_634,634
word_635,635
word_636,636
word_637,637
word_638,638
word_639,639
word_640,640
word_641,641
word_642,642
word_643,643
word_644,644
word_645,645
word_646,646
word_647,647
word_648,648
word_649,649
word_650,650
word_651,651
word_652,652
word_653,653
word_654,654
word_655,655
word_656,656
word_657,657
word_658,658
word_659,659
word_660,660
word_661,661
word_662,662
word_663,663
word_664,664
word_665,665
word_666,666
word_667,667
word_668,668
word_669,669
word_670,670
word_671,671
word_672,672
word_673,673
word_674,674
word_675,675
word_676,676
word_677,677
word_678,678
word_679,679
word_680,680
word_681,681
word_682,682
word_683,683
word_684,684
word_685,685
word_686,686
word_687,687
word_688,688
word_689,689
word_690,690
word_691,691
word_692,692
word_693,693
word_694,694
word_695,695
word_696,696
word_697,697
word_698,698
word_699,699
word_700,700
word_701,701
word_702,702
word_703,703
word_704,704
word_705,705
word_706,706
word_707,707
word_708,708
word_709,709
word_710,710
word_711,711
word_712,712
word_713,713
word_714,714
word_715,715
word_716,716
word_717,717
word_718,718
word_719,719
word_720,720
word_721,721
word_722,722
word_723,723
word_724,724
word_725,725
word_726,726
word_727,727
word_728,728
word_729,729
word_730,730
word_731,731
word_732,732
word_733,733
word_734,734
word_735,735
word_736,736
word_737,737
word_738,738
word_739,739
word_740,740
word_741,741
word_742,742
word_743,743
word_744,744
word_745,745
word_746,746
word_747,747
word_748,748
word_749,749
word_750,750
word_751,751
word_752,752
word_753,753
word_754,754
word_755,755
word_756,756
word_757,757
word_758,758
word_759,759
word_760,760
word_761,761
word_762,762
word_763,763
word_764,764
word_765,765
word_766,766
word_767,767
word_768,768
word_769,769
word_770,770
word_771,771
word_772,772
word_773,773
word_774,774
word_775,775
word_776,776
word_777,777
word_778,778
word_779,779
word_780,780
word_781,781
word_782,782
word_783,783
word_784,784
word_785,785
word_786,786
word_787,787
word_788,788
word_789,789
word_790,790
word_791,791
word_792,792
word_793,793
word_794,794
word_795,795
word_796,796
word_797,797
word_798,798
word_799,799
word_800,800
word_801,801
word_802,802
word_803,803
word_804,804
word_805,805
word_806,806
word_807,807
word_808,808
word_809,809
word_810,810
word_811,811
word_812,812
word_813,813
word_814,814
word_815,815
word_816,816
word_817,817
word_818,818
word_819,819
word_820,820
word_821,821
word_822,822
word_823,823
word_824,824
word_825,825
word_826,826
word_827,827
word_828,828
word_829,829
word_830,830
word_831,831
word_832,832
word_833,833
word_834,834
word_835,835
word_836,836
word_837,837
word_838,838
word_839,839
word_840,840
word_841,841
word_842,842
word_843,843
word_844,844
word_845,845
word_846,846
word_847,847
word_848,848
word_849,849
word_850,850
word_851,851
word_852,852
word_853,853
word_854,854
word_855,855
word_856,856
word_857,857
word_858,858
word_859,859
word_860,860
word_861,861
word_862,862
word_863,863
word_864,864
word_865,865
word_866,866
word_867,867
word_868,868
word_869,869
word_870,870
word_871,871
word_872,872
word_873,873
word_874,874
word_875,875
word_876,876
word_877,877
word_878,878
word_879,879
word_880,880
word_881,881
word_882,882
word_883,883
word_884,884
word_885,885
word_886,886
word_887,887
word_888,888
word_889,889
word_890,890
word_891,891
word_892,892
word_893,893
word_894,894
word_895,895
word_896,896
word_897,897
word_898,898
word_899,899
word_900,900
word_901,901
word_902,902
word_903,903
word_904,904
word_905,905
word_906,906
word_907,907
word_908,908
word_909,909
word_910,910
word_911,911
word_912,912
word_913,913
word_914,914
word_915,915
word_916,916
word_917,917
word_918,918
word_919,919
word_920,920
word_921,921
word_922,922
word_923,923
word_924,924
word_925,925
word_926,926
word_927,927
word_928,928
word_929,929
word_930,930
word_931,931
word_932,932
word_933,933
word_934,934
word_935,935
word_936,936
word_937,937
word_938,938
word_939,939
word_940,940
word_941,941
word_942,942
word_943,943
word_944,944
word_945,945
word_946,946
word_947,947
word_948,948
word_949,949
word_950,950
word_951,951
word_952,952
word_953,953
word_954,954
word_955,955
word_956,956
word_957,957
word_958,958
word_959,959
word_960,960
word_961,961
word_962,962
word_963,963
word_964,964
word_965,965
word_966,966
word_967,967
word_968,968
word_969,969
word_970,970
word_971,971
word_972,972
word_973,973
word_974,974
word_975,975
word_976,976
word_977,977
word_978,978
word_979,979
word_980,980
word_981,981
word_982,982
word_983,983
word_984,984
word_985,985
word_986,986
word_987,987
word_988,988
word_989,989
word_990,990
word_991,991
word_992,992
word_993,993
word_994,994
word_995,995
word_996,996
word_997,997
word_998,998
word_999,999
word_1000,1000
word_1001,1001
word_1002,1002
word_1003,1003
word_1004,1004
word_1005,1005
word_1006,1006
word_1007,1007
word_1008,1008
word_1009,1009
word_1010,1010
word_1011,1011
word_1012,1012
word_1013,1013
word_1014,1014
word_1015,1015
word_1016,1016
word_1017,1017
word_1018,1018
word_1019,1019
word_1020,1020
word_1021,1021
word_1022,1022
word_1023,1023
word_1024,1024
word_1025,1025
word_1026,1026
word_1027,1027
word_1028,1028
word_1029,1029
word_1030,1030
word_1031,1031
word_1032,1032
word_1033,1033
word_1034,1034
word_1035,1035
word_1036,1036
word_1037,1037
word_1038,1038
word_1039,1039
word_1040,1040
word_1041,1041
word_1042,1042
word_1043,1043
word_1044,1044
word_1045,1045
word_1046,1046
word_1047,1047
word_1048,1048
word_1049,1049
word_1050,1050
word_1051,1051
word_1052,1052
word_1053,1053
word_1054,1054
word_1055,1055
word_1056,1056
word_1057,1057
word_1058,1058
word_1059,1059
word_1060,1060
word_1061,1061
word_1062,1062
word_1063,1063
word_1064,1064
word_1065,1065
word_1066,1066
word_1067,1067
word_1068,1068
word_1069,1069
word_1070,1070
word_1071,1071
word_1072,1072
word_1073,1073
word_1074,1074
word_1075,1075
word_1076,1076
word_1077,1077
word_1078,1078
word_1079,1079
word_1080,1080
word_1081,1081
word_1082,1082
word_1083,1083
word_1084,1084
word_1085,1085
word_1086,1086
word_1087,1087
word_1088,1088
word_1089,1089
word_1090,1090
word_1091,1091
word_1092,1092
word_1093,1093
word_1094,1094
word_1095,1095
word_1096,1096
word_1097,1097
word_1098,1098
word_1099,1099
word_1100,1100
word_1101,1101
word_1102,1102
word_1103,1103
word_1104,1104
word_1105,1105
word_1106,1106
word_1107,1107
word_1108,1108
word_1109,1109
word_1110,1110
word_1111,1111
word_1112,1112
word_1113,1113
word_1114,1114
word_1115,1115
word_1116,1116
word_1117,1117
word_1118,1118
word_1119,1119
word_1120,1120
word_1121,1121
word_1122,1122
word_1123,1123
word_1124,1124
word_1125,1125
word_1126,1126
word_1127,1127
word_1128,1128
word_1129,1129
word_1130,1130
word_1131,1131
word_1132,1132
word_1133,1133
word_1134,1134
word_1135,1135
word_1136,1136
word_1137,1137
word_1138,1138
word_1139,1139
word_1140,1140
word_1141,1141
word_1142,1142
word_1143,1143
word_1144,1144
word_1145,1145
word_1146,1146
word_1147,1147
word_1148,1148
word_1149,1149
word_1150,1150
word_1151,1151
word_1152,1152
word_1153,1153
word_1154,1154
word_1155,1155
word_1156,1156
word_1157,1157
word_1158,1158
word_1159,1159
word_1160,1160
word_1161,1161
word_1162,1162
word_1163,1163
word_1164,1164
word_1165,1165
word_1166,1166
word_1167,1167
word_1168,1168
word_1169,1169
word_1170,1170
word_1171,1171
word_1172,1172
word_1173,1173
word_1174,1174
word_1175,1175
word_1176,1176
word_1177,1177
word_1178,1178
word_1179,1179
word_1180,1180
word_1181,1181
word_1182,1182
word_1183,1183
word_1184,1184
word_1185,1185
word_1186,1186
word_1187,1187
word_1188,1188
word_1189,1189
word_1190,1190
word_1191,1191
word_1192,1192
word_1193,1193
word_1194,1194
word_1195,1195
word_1196,1196
word_1197,1197
word_1198,1198
word_1199,1199
word_1200,1200
word_1201,1201
word_1202,1202
word_1203,1203
word_1204,1204
word_1205,1205
word_1206,1206
word_1207,1207
word_1208,1208
word_1209,1209
word_1210,1210
word_1211,1211
word_1212,1212
word_1213,1213
word_1214,1214
word_1215,1215
word_1216,1216
word_1217,1217
word_1218,1218
word_1219,1219
word_1220,1220
word_1221,1221
word_1222,1222
word_1223,1223
word_1224,1224
word_1225,1225
word_1226,1226
word_1227,1227
word_1228,1228
word_1229,1229
word_1230,1230
word_1231,1231
word_1232,1232
word_1233,1233
word_1234,1234
word_1235,1235
word_1236,1236
word_1237,1237
word_1238,1238
word_1239,1239
word_1240,1240
word_1241,1241
word_1242,1242
word_1243,1243
word_1244,1244
word_1245,1245
word_1246,1246
word_1247,1247
word_1248,1248
word_1249,1249
word_1250,1250
word_1251,1251
word_1252,1252
word_1253,1253
word_1254,1254
word_1255,1255
word_1256,1256
word_1257,1257
word_1258,1258
word_1259,1259
word_1260,1260
word_1261,1261
word_1262,1262
word_1263,1263
word_1264,1264
word_1265,1265
word_1266,1266
word_1267,1267
word_1268,1268
word_1269,1269
word_1270,1270
word_1271,1271
word_1272,1272
word_1273,1273
word_1274,1274
word_1275,1275
word_1276,1276
word_1277,1277
word_1278,1278
word_1279,1279
word_1280,1280
word_1281,1281
word_1282,1282
word_1283,1283
word_1284,1284
word_1285,1285
word_1286,1286
word_1287,1287
word_1288,1288
word_1289,1289
word_1290,1290
word_1291,1291
word_1292,1292
word_1293,1293
word_1294,1294
word_1295,1295
word_1296,1296
word_1297,1297
word_1298,1298
word_1299,1299
word_1300,1300
word_1301,1301
word_1302,1302
word_1303,1303
word_1304,1304
word_1305,1305
word_1306,1306
word_1307,1307
word_1308,1308
word_1309,1309
word_1310,1310
word_1311,1311
word_1312,1312
word_1313,1313
word_1314,1314
word_1315,1315
word_1316,1316
word_1317,1317
word_1318,1318
word_1319,1319
word_1320,1320
word_1321,1321
word_1322,1322
word_1323,1323
word_1324,1324
word_1325,1325
word_1326,1326
word_1327,1327
word_1328,1328
word_1329,1329
word_1330,1330
word_1331,1331
word_1332,1332
word_1333,1333
word_1334,1334
word_1335,1335
word_1336,1336
word_1337,1337
word_1338,1338
word_1339,1339
word_1340,1340
word_1341,1341
word_1342,1342
word_1343,1343
word_1344,1344
word_1345,1345
word_1346,1346
word_1347,1347
word_1348,1348
word_1349,1349
word_1350,1350
word_1351,1351
word_1352,1352
word_1353,1353
word_1354,1354
word_1355,1355
word_1356,1356
word_1357,1357
word_1358,1358
word_1359,1359
word_1360,1360
word_1361,1361
word_1362,1362
word_1363,1363
word_1364,1364
word_1365,1365
word_1366,1366
word_1367,1367
word_1368,1368
word_1369,1369
word_1370,1370
word_1371,1371
word_1372,1372
word_1373,1373
word_1374,1374
word_1375,1375
word_1376,1376
word_1377,1377
word_1378,1378
word_1379,1379
word_1380,1380
word_1381,1381
word_1382,1382
word_1383,1383
word_1384,1384
word_1385,1385
word_1386,1386
word_1387,1387
word_1388,1388
word_1389,1389
word_1390,1390
word_1391,1391
word_1392,1392
word_1393,1393
word_1394,1394
word_1395,1395
word_1396,1396
word_1397,1397
word_1398,1398
word_1399,1399
word_1400,1400
word_1401,1401
word_1402,1402
word_1403,1403
word_1404,1404
word_1405,1405
word_1406,1406
word_1407,1407
word_1408,1408
word_1409,1409
word_1410,1410
word_1411,1411
word_1412,1412
word_1413,1413
word_1414,1414
word_1415,1415
word_1416,1416
word_1417,1417
word_1418,1418
word_1419,1419
word_1420,1420
word_1421,1421
word_1422,1422
word_1423,1423
word_1424,1424
word_1425,1425
word_1426,1426
word_1427,1427
word_1428,1428
word_1429,1429
word_1430,1430
word_1431,1431
word_1432,1432
word_1433,1433
word_1434,1434
word_1435,1435
word_1436,1436
word_1437,1437
word_1438,1438
word_1439,1439
word_1440,1440
word_1441,1441
word_1442,1442
word_1443,1443
word_1444,1444
word_1445,1445
word_1446,1446
word_1447,1447
word_1448,1448
word_1449,1449
word_1450,1450
word_1451,1451
word_1452,1452
word_1453,1453
word_1454,1454
word_1455,1455
word_1456,1456
word_1457,1457
word_1458,1458
word_1459,1459
word_1460,1460
word_1461,1461
word_1462,1462
word_1463,1463
word_1464,1464
word_1465,1465
word_1466,1466
word_1467,1467
word_1468,1468
word_1469,1469
word_1470,1470
word_1471,1471
word_1472,1472
word_1473,1473
word_1474,1474
word_1475,1475
word_1476,1476
word_1477,1477
word_1478,1478
word_1479,1479
word_1480,1480
word_1481,1481
word_1482,1482
word_1483,1483
word_1484,1484
word_1485,1485
word_1486,1486
word_1487,1487
word_1488,1488
word_1489,1489
word_1490,1490
word_1491,1491
word_1492,1492
word_1493,1493
word_1494,1494
word_1495,1495
word_1496,1496
word_1497,1497
word_1498,1498
word_1499,1499
word_1500,1500
word_1501,1501
word_1502,1502
word_1503,1503
word_1504,1504
word_1505,1505
word_1506,1506
word_1507,1507
word_1508,1508
word_1509,1509
word_1510,1510
word_1511,1511
word_1512,1512
word_1513,1513
word_1514,1514
word_1515,1515
word_1516,1516
word_1517,1517
word_1518,1518
word_1519,1519
word_1520,1520
word_1521,1521
word_1522,1522
word_1523,1523
word_1524,1524
word_1525,1525
word_1526,1526
word_1527,1527
word_1528,1528
word_1529,1529
word_1530,1530
word_1531,1531
word_1532,1532
word_1533,1533
word_1534,1534
word_1535,1535
word_1536,1536
word_1537,1537
word_1538,1538
word_1539,1539
word_1540,1540
word_1541,1541
word_1542,1542
word_1543,1543
word_1544,1544
word_1545,1545
word_1546,1546
word_1547,1547
word_1548,1548
word_1549,1549
word_1550,1550
word_1551,1551
word_1552,1552
word_1553,1553
word_1554,1554
word_1555,1555
word_1556,1556
word_1557,1557
word_1558,1558
word_1559,1559
word_1560,1560
word_1561,1561
word_1562,1562
word_1563,1563
word_1564,1564
word_1565,1565
word_1566,1566
word_1567,1567
word_1568,1568
word_1569,1569
word_1570,1570
word_1571,1571
word_1572,1572
word_1573,1573
word_1574,1574
word_1575,1575
word_1576,1576
word_1577,1577
word_1578,1578
word_1579,1579
word_1580,1580
word_1581,1581
word_1582,1582
word_1583,1583
word_1584,1584
word_1585,1585
word_1586,1586
word_1587,1587
word_1588,1588
word_1589,1589
word_1590,1590
word_1591,1591
word_1592,1592
word_1593,1593
word_1594,1594
word_1595,1595
word_1596,1596
word_1597,1597
word_1598,1598
word_1599,1599
word_1600,1600
word_1601,1601
word_1602,1602
word_1603,1603
word_1604,1604
word_1605,1605
word_1606,1606
word_1607,1607
word_1608,1608
word_1609,1609
word_1610,1610
word_1611,1611
word_1612,1612
word_1613,1613
word_1614,1614
word_1615,1615
word_1616,1616
word_1617,1617
word_1618,1618
word_1619,1619
word_1620,1620
word_1621,1621
word_1622,1622
word_1623,1623
word_1624,1624
word_1625,1625
word_1626,1626
word_1627,1627
word_1628,1628
word_1629,1629
word_1630,1630
word_1631,1631
word_1632,1632
word_1633,1633
word_1634,1634
word_1635,1635
word_1636,1636
word_1637,1637
word_1638,1638
word_1639,1639
word_1640,1640
word_1641,1641
word_1642,1642
word_1643,1643
word_1644,1644
word_1645,1645
word_1646,1646
word_1647,1647
word_1648,1648
word_1649,1649
word_1650,1650
word_1651,1651
word_1652,1652
word_1653,1653
word_1654,1654
word_1655,1655
word_1656,1656
word_1657,1657
word_1658,1658
word_1659,1659
word_1660,1660
word_1661,1661
word_1662,1662
word_1663,1663
word_1664,1664
word_1665,1665
word_1666,1666
word_1667,1667
word_1668,1668
word_1669,1669
word_1670,1670
word_1671,1671
word_1672,1672
word_1673,1673
word_1674,1674
word_1675,1675
word_1676,1676
word_1677,1677
word_1678,1678
word_1679,1679
word_1680,1680
word_1681,1681
word_1682,1682
word_1683,1683
word_1684,1684
word_1685,1685
word_1686,1686
word_1687,1687
word_1688,1688
word_1689,1689
word_1690,1690
word_1691,1691
word_1692,1692
word_1693,1693
word_1694,1694
word_1695,1695
word_1696,1696
word_1697,1697
word_1698,1698
word_1699,1699
word_1700,1700
word_1701,1701
word_1702,1702
word_1703,1703
word_1704,1704
word_1705,1705
word_1706,1706
word_1707,1707
word_1708,1708
word_1709,1709
word_1710,1710
word_1711,1711
word_1712,1712
word_1713,1713
word_1714,1714
word_1715,1715
word_1716,1716
word_1717,1717
word_1718,1718
word_1719,1719
word_1720,1720
word_1721,1721
word_1722,1722
word_1723,1723
word_1724,1724
word_1725,1725
word_1726,1726
word_1727,1727
word_1728,1728
word_1729,1729
word_1730,1730
word_1731,1731
word_1732,1732
word_1733,1733
word_1734,1734
word_1735,1735
word_1736,1736
word_1737,1737
word_1738,1738
word_1739,1739
word_1740,1740
word_1741,1741
word_1742,1742
word_1743,1743
word_1744,1744
word_1745,1745
word_1746,1746
word_1747,1747
word_1748,1748
word_1749,1749
word_1750,1750
word_1751,1751
word_1752,1752
word_1753,1753
word_1754,1754
word_1755,1755
word_1756,1756
word_1757,1757
word_1758,1758
word_1759,1759
word_1760,1760
word_1761,1761
word_1762,1762
word_1763,1763
word_1764,1764
word_1765,1765
word_1766,1766
word_1767,1767
word_1768,1768
word_1769,1769
word_1770,1770
word_1771,1771
word_1772,1772
word_1773,1773
word_1774,1774
word_1775,1775
word_1776,1776
word_1777,1777
word_1778,1778
word_1779,1779
word_1780,1780
word_1781,1781
word_1782,1782
word_1783,1783
word_1784,1784
word_1785,1785
word_1786,1786
word_1787,1787
word_1788,1788
word_1789,1789
word_1790,1790
word_1791,1791
word_1792,1792
word_1793,1793
word_1794,1794
word_1795,1795
word_1796,1796
word_1797,1797
word_1798,1798
word_1799,1799
word_1800,1800
word_1801,1801
word_1802,1802
word_1803,1803
word_1804,1804
word_1805,1805
word_1806,1806
word_1807,1807
word_1808,1808
word_1809,1809
word_1810,1810
word_1811,1811
word_1812,1812
word_1813,1813
word_1814,1814
word_1815,1815
word_1816,1816
word_1817,1817
word_1818,1818
word_1819,1819
word_1820,1820
word_1821,1821
word_1822,1822
word_1823,1823
word_1824,1824
word_1825,1825
word_1826,1826
word_1827,1827
word_1828,1828
word_1829,1829
word_1830,1830
word_1831,1831
word_1832,1832
word_1833,1833
word_1834,1834
word_1835,1835
word_1836,1836
word_1837,1837
word_1838,1838
word_1839,1839
word_1840,1840
word_1841,1841
word_1842,1842
word_1843,1843
word_1844,1844
word_1845,1845
word_1846,1846
word_1847,1847
word_1848,1848
word_1849,1849
word_1850,1850
word_1851,1851
word_1852,1852
word_1853,1853
word_1854,1854
word_1855,1855
word_1856,1856
word_1857,1857
word_1858,1858
word_1859,1859
word_1860,1860
word_1861,1861
word_1862,1862
word_1863,1863
word_1864,1864
word_1865,1865
word_1866,1866
word_1867,1867
word_1868,1868
word_1869,1869
word_1870,1870
word_1871,1871
word_1872,1872
word_1873,1873
word_1874,1874
word_1875,1875
word_1876,1876
word_1877,1877
word_1878,1878
word_1879,1879
word_1880,1880
word_1881,1881
word_1882,1882
word_1883,1883
word_1884,1884
word_1885,1885
word_1886,1886
word_1887,1887
word_1888,1888
word_1889,1889
word_1890,1890
word_1891,1891
word_1892,1892
word_1893,1893
word_1894,1894
word_1895,1895
word_1896,1896
word_1897,1897
word_1898,1898
word_1899,1899
word_1900,1900
word_1901,1901
word_1902,1902
word_1903,1903
word_1904,1904
word_1905,1905
word_1906,1906
word_1907,1907
word_1908,1908
word_1909,1909
word_1910,1910
word_1911,1911
word_1912,1912
word_1913,1913
word_1914,1914
word_1915,1915
word_1916,1916
word_1917,1917
word_1918,1918
word_1919,1919
word_1920,1920
word_1921,1921
word_1922,1922
word_1923,1923
word_1924,1924
word_1925,1925
word_1926,1926
word_1927,1927
word_1928,1928
word_1929,1929
word_1930,1930
word_1931,1931
word_1932,1932
word_1933,1933
word_1934,1934
word_1935,1935
word_1936,1936
word_1937,1937
word_1938,1938
word_1939,1939
word_1940,1940
word_1941,1941
word_1942,1942
word_1943,1943
word_1944,1944
word_1945,1945
word_1946,1946
word_1947,1947
word_1948,1948
word_1949,1949
word_1950,1950
word_1951,1951
word_1952,1952
word_1953,1953
word_1954,1954
word_1955,1955
word_1956,1956
word_1957,1957
word_1958,1958
word_1959,1959
word_1960,1960
word_1961,1961
word_1962,1962
word_1963,1963
word_1964,1964
word_1965,1965
word_1966,1966
word_1967,1967
word_1968,1968
word_1969,1969
word_1970,1970
word_1971,1971
word_1972,1972
word_1973,1973
word_1974,1974
word_1975,1975
word_1976,1976
word_1977,1977
word_1978,1978
word_1979,1979
word_1980,1980
word_1981,1981
word_1982,1982
word_1983,1983
word_1984,1984
word_1985,1985
word_1986,1986
word_1987,1987
word_1988,1988
word_1989,1989
word_1990,1990
word_1991,1991
word_1992,1992
word_1993,1993
word_1994,1994
word_1995,1995
word_1996,1996
word_1997,1997
word_1998,1998
word_1999,1999
word_2000,2000
word_2001,2001
word_2002,2002
word_2003,2003
word_2004,2004
word_2005,2005
word_2006,2006
word_2007,2007
word_2008,2008
word_2009,2009
word_2010,2010
word_2011,2011
word_2012,2012
word_2013,2013
word_2014,2014
word_2015,2015
word_2016,2016
word_2017,2017
word_2018,2018
word_2019,2019
word_2020,2020
word_2021,2021
word_2022,2022
word_2023,2023
word_2024,2024
word_2025,2025
word_2026,2026
word_2027,2027
word_2028,2028
word_2029,2029
word_2030,2030
word_2031,2031
word_2032,2032
word_2033,2033
word_2034,2034
word_2035,2035
word_2036,2036
word_2037,2037
word_2038,2038
word_2039,2039
word_2040,2040
word_2041,2041
word_2042,2042
word_2043,2043
word_2044,2044
word_2045,2045
word_2046,2046
word_2047,2047
word_2048,2048
word_2049,2049
word_2050,2050
word_2051,2051
word_2052,2052
word_2053,2053
word_2054,2054
word_2055,2055
word_2056,2056
word_2057,2057
word_2058,2058
word_2059,2059
word_2060,2060
word_2061,2061
word_2062,2062
word_2063,2063
word_2064,2064
word_2065,2065
word_2066,2066
word_2067,2067
word_2068,2068
word_2069,2069
word_2070,2070
word_2071,2071
word_2072,2072
word_2073,2073
word_2074,2074
word_2075,2075
word_2076,2076
word_2077,2077
word_2078,2078
word_2079,2079
word_2080,2080
word_2081,2081
word_2082,2082
word_2083,2083
word_2084,2084
word_2085,2085
word_2086,2086
word_2087,2087
word_2088,2088
word_2089,2089
word_2090,2090
word_2091,2091
word_2092,2092
word_2093,2093
word_2094,2094
word_2095,2095
word_2096,2096
word_2097,2097
word_2098,2098
word_2099,2099
word_2100,2100
word_2101,2101
word_2102,2102
word_2103,2103
word_2104,2104
word_2105,2105
word_2106,2106
word_2107,2107
word_2108,2108
word_2109,2109
word_2110,2110
word_2111,2111
word_2112,2112
word_2113,2113
word_2114,2114
word_2115,2115
word_2116,2116
word_2117,2117
word_2118,2118
word_2119,2119
word_2120,2120
word_2121,2121
word_2122,2122
word_2123,2123
word_2124,2124
word_2125,2125
word_2126,2126
word_2127,2127
word_2128,2128
word_2129,2129
word_2130,2130
word_2131,2131
word_2132,2132
word_2133,2133
word_2134,2134
word_2135,2135
word_2136,2136
word_2137,2137
word_2138,2138
word_2139,2139
word_2140,2140
word_2141,2141
word_2142,2142
word_2143,2143
word_2144,2144
word_2145,2145
word_2146,2146
word_2147,2147
word_2148,2148
word_2149,2149
word_2150,2150
word_2151,2151
word_2152,2152
word_2153,2153
word_2154,2154
word_2155,2155
word_2156,2156
word_2157,2157
word_2158,2158
word_2159,2159
word_2160,2160
word_2161,2161
word_2162,2162
word_2163,2163
word_2164,2164
word_2165,2165
word_2166,2166
word_2167,2167
word_2168,2168
word_2169,2169
word_2170,2170
word_2171,2171
word_2172,2172
word_2173,2173
word_2174,2174
word_2175,2175
word_2176,2176
word_2177,2177
word_2178,2178
word_2179,2179
word_2180,2180
word_2181,2181
word_2182,2182
word_2183,2183
word_2184,2184
word_2185,2185
word_2186,2186
word_2187,2187
word_2188,2188
word_2189,2189
word_2190,2190
word_2191,2191
word_2192,2192
word_2193,2193
word_2194,2194
word_2195,2195
word_2196,2196
word_2197,2197
word_2198,2198
word_2199,2199
word_2200,2200
word_2201,2201
word_2202,2202
word_2203,2203
word_2204,2204
word_2205,2205
word_2206,2206
word_2207,2207
word_2208,2208
word_2209,2209
word_2210,2210
word_2211,2211
word_2212,2212
word_2213,2213
word_2214,2214
word_2215,2215
word_2216,2216
word_2217,2217
word_2218,2218
word_2219,2219
word_2220,2220
word_2221,2221
word_2222,2222
word_2223,2223
word_2224,2224
word_2225,2225
word_2226,2226
word_2227,2227
word_2228,2228
word_2229,2229
word_2230,2230
word_2231,2231
word_2232,2232
word_2233,2233
word_2234,2234
word_2235,2235
word_2236,2236
word_2237,2237
word_2238,2238
word_2239,2239
word_2240,2240
word_2241,2241
word_2242,2242
word_2243,2243
word_2244,2244
word_2245,2245
word_2246,2246
word_2247,2247
word_2248,2248
word_2249,2249
word_2250,2250
word_2251,2251
word_2252,2252
word_2253,2253
word_2254,2254
word_2255,2255
word_2256,2256
word_2257,2257
word_2258,2258
word_2259,2259
word_2260,2260
word_2261,2261
word_2262,2262
word_2263,2263
word_2264,2264
word_2265,2265
word_2266,2266
word_2267,2267
word_2268,2268
word_2269,2269
word_2270,2270
word_2271,2271
word_2272,2272
word_2273,2273
word_2274,2274
word_2275,2275
word_2276,2276
word_2277,2277
word_2278,2278
word_2279,2279
word_2280,2280
word_2281,2281
word_2282,2282
word_2283,2283
word_2284,2284
word_2285,2285
word_2286,2286
word_2287,2287
word_2288,2288
word_2289,2289
word_2290,2290
word_2291,2291
word_2292,2292
word_2293,2293
word_2294,2294
word_2295,2295
word_2296,2296
word_2297,2297
word_2298,2298
word_2299,2299
word_2300,2300
word_2301,2301
word_2302,2302
word_2303,2303
word_2304,2304
word_2305,2305
word_2306,2306
word_2307,2307
word_2308,2308
word_2309,2309
word_2310,2310
word_2311,2311
word_2312,2312
word_2313,2313
word_2314,2314
word_2315,2315
word_2316,2316
word_2317,2317
word_2318,2318
word_2319,2319
word_2320,2320
word_2321,2321
word_2322,2322
word_2323,2323
word_2324,2324
word_2325,2325
word_2326,2326
word_2327,2327
word_2328,2328
word_2329,2329
word_2330,2330
word_2331,2331
word_2332,2332
word_2333,2333
word_2334,2334
word_2335,2335
word_2336,2336
word_2337,2337
word_2338,2338
word_2339,2339
word_2340,2340
word_2341,2341
word_2342,2342
word_2343,2343
word_2344,2344
word_2345,2345
word_2346,2346
word_2347,2347
word_2348,2348
word_2349,2349
word_2350,2350
word_2351,2351
word_2352,2352
word_2353,2353
word_2354,2354
word_2355,2355
word_2356,2356
word_2357,2357
word_2358,2358
word_2359,2359
word_2360,2360
word_2361,2361
word_2362,2362
word_2363,2363
word_2364,2364
word_2365,2365
word_2366,2366
word_2367,2367
word_2368,2368
word_2369,2369
word_2370,2370
word_2371,2371
word_2372,2372
word_2373,2373
word_2374,2374
word_2375,2375
word_2376,2376
word_2377,2377
word_2378,2378
word_2379,2379
word_2380,2380
word_2381,2381
word_2382,2382
word_2383,2383
word_2384,2384
word_2385,2385
word_2386,2386
word_2387,2387
word_2388,2388
word_2389,2389
word_2390,2390
word_2391,2391
word_2392,2392
word_2393,2393
word_2394,2394
word_2395,2395
word_2396,2396
word_2397,2397
word_2398,2398
word_2399,2399
word_2400,2400
word_2401,2401
word_2402,2402
word_2403,2403
word_2404,2404
word_2405,2405
word_2406,2406
word_2407,2407
word_2408,2408
word_2409,2409
word_2410,2410
word_2411,2411
word_2412,2412
word_2413,2413
word_2414,2414
word_2415,2415
word_2416,2416
word_2417,2417
word_2418,2418
word_2419,2419
word_2420,2420
word_2421,2421
word_2422,2422
word_2423,2423
word_2424,2424
word_2425,2425
word_2426,2426
word_2427,2427
word_2428,2428
word_2429,2429
word_2430,2430
word_2431,2431
word_2432,2432
word_2433,2433
word_2434,2434
word_2435,2435
word_2436,2436
word_2437,2437
word_2438,2438
word_2439,2439
word_2440,2440
word_2441,2441
word_2442,2442
word_2443,2443
word_2444,2444
word_2445,2445
word_2446,2446
word_2447,2447
word_2448,2448
word_2449,2449
word_2450,2450
word_2451,2451
word_2452,2452
word_2453,2453
word_2454,2454
word_2455,2455
word_2456,2456
word_2457,2457
word_2458,2458
word_2459,2459
word_2460,2460
word_2461,2461
word_2462,2462
word_2463,2463
word_2464,2464
word_2465,2465
word_2466,2466
word_2467,2467
word_2468,2468
word_2469,2469
word_2470,2470
word_2471,2471
word_2472,2472
word_2473,2473
word_2474,2474
word_2475,2475
word_2476,2476
word_2477,2477
word_2478,2478
word_2479,2479
word_2480,2480
word_2481,2481
word_2482,2482
word_2483,2483
word_2484,2484
word_2485,2485
word_2486,2486
word_2487,2487
word_2488,2488
word_2489,2489
word_2490,2490
word_2491,2491
word_2492,2492
word_2493,2493
word_2494,2494
word_2495,2495
word_2496,2496
word_2497,2497
word_2498,2498
word_2499,2499
word_2500,2500
word_2501,2501
word_2502,2502
word_2503,2503
word_2504,2504
word_2505,2505
word_2506,2506
word_2507,2507
word_2508,2508
word_2509,2509
word_2510,2510
word_2511,2511
word_2512,2512
word_2513,2513
word_2514,2514
word_2515,2515
word_2516,2516
word_2517,2517
word_2518,2518
word_2519,2519
word_2520,2520
word_2521,2521
word_2522,2522
word_2523,2523
word_2524,2524
word_2525,2525
word_2526,2526
word_2527,2527
word_2528,2528
word_2529,2529
word_2530,2530
word_2531,2531
word_2532,2532
word_2533,2533
word_2534,2534
word_2535,2535
word_2536,2536
word_2537,2537
word_2538,2538
word_2539,2539
word_2540,2540
word_2541,2541
word_2542,2542
word_2543,2543
word_2544,2544
word_2545,2545
word_2546,2546
word_2547,2547
word_2548,2548
word_2549,2549
word_2550,2550
word_2551,2551
word_2552,2552
word_2553,2553
word_2554,2554
word_2555,2555
word_2556,2556
word_2557,2557
word_2558,2558
word_2559,2559
word_2560,2560
word_2561,2561
word_2562,2562
word_2563,2563
word_2564,2564
word_2565,2565
word_2566,2566
word_2567,2567
word_2568,2568
word_2569,2569
word_2570,2570
word_2571,2571
word_2572,2572
word_2573,2573
word_2574,2574
word_2575,2575
word_2576,2576
word_2577,2577
word_2578,2578
word_2579,2579
word_2580,2580
word_2581,2581
word_2582,2582
word_2583,2583
word_2584,2584
word_2585,2585
word_2586,2586
word_2587,2587
word_2588,2588
word_2589,2589
word_2590,2590
word_2591,2591
word_2592,2592
word_2593,2593
word_2594,2594
word_2595,2595
word_2596,2596
word_2597,2597
word_2598,2598
word_2599,2599
word_2600,2600
word_2601,2601
word_2602,2602
word_2603,2603
word_2604,2604
word_2605,2605
word_2606,2606
word_2607,2607
word_2608,2608
word_2609,2609
word_2610,2610
word_2611,2611
word_2612,2612
word_2613,2613
word_2614,2614
word_2615,2615
word_2616,2616
word_2617,2617
word_2618,2618
word_2619,2619
word_2620,2620
word_2621,2621
word_2622,2622
word_2623,2623
word_2624,2624
word_2625,2625
word_2626,2626
word_2627,2627
word_2628,2628
word_2629,2629
word_2630,2630
word_2631,2631
word_2632,2632
word_2633,2633
word_2634,2634
word_2635,2635
word_2636,2636
word_2637,2637
word_2638,2638
word_2639,2639
word_2640,2640
word_2641,2641
word_2642,2642
word_2643,2643
word_2644,2644
word_2645,2645
word_2646,2646
word_2647,2647
word_2648,2648
word_2649,2649
word_2650,2650
word_2651,2651
word_2652,2652
word_2653,2653
word_2654,2654
word_2655,2655
word_2656,2656
word_2657,2657
word_2658,2658
word_2659,2659
word_2660,2660
word_2661,2661
word_2662,2662
word_2663,2663
word_2664,2664
word_2665,2665
word_2666,2666
word_2667,2667
word_2668,2668
word_2669,2669
word_2670,2670
word_2671,2671
word_2672,2672
word_2673,2673
word_2674,2674
word_2675,2675
word_2676,2676
word_2677,2677
word_2678,2678
word_2679,2679
word_2680,2680
word_2681,2681
word_2682,2682
word_2683,2683
word_2684,2684
word_2685,2685
word_2686,2686
word_2687,2687
word_2688,2688
word_2689,2689
word_2690,2690
word_2691,2691
word_2692,2692
word_2693,2693
word_2694,2694
word_2695,2695
word_2696,2696
word_2697,2697
word_2698,2698
word_2699,2699
word_2700,2700
word_2701,2701
word_2702,2702
word_2703,2703
word_2704,2704
word_2705,2705
word_2706,2706
word_2707,2707
word_2708,2708
word_2709,2709
word_2710,2710
word_2711,2711
word_2712,2712
word_2713,2713
word_2714,2714
word_2715,2715
word_2716,2716
word_2717,2717
word_2718,2718
word_2719,2719
word_2720,2720
word_2721,2721
word_2722,2722
word_2723,2723
word_2724,2724
word_2725,2725
word_2726,2726
word_2727,2727
word_2728,2728
word_2729,2729
word_2730,2730
word_2731,2731
word_2732,2732
word_2733,2733
word_2734,2734
word_2735,2735
word_2736,2736
word_2737,2737
word_2738,2738
word_2739,2739
word_2740,2740
word_2741,2741
word_2742,2742
word_2743,2743
word_2744,2744
word_2745,2745
word_2746,2746
word_2747,2747
word_2748,2748
word_2749,2749
word_2750,2750
word_2751,2751
word_2752,2752
word_2753,2753
word_2754,2754
word_2755,2755
word_2756,2756
word_2757,2757
word_2758,2758
word_2759,2759
word_2760,2760
word_2761,2761
word_2762,2762
word_2763,2763
word_2764,2764
word_2765,2765
word_2766,2766
word_2767,2767
word_2768,2768
word_2769,2769
word_2770,2770
word_2771,2771
word_2772,2772
word_2773,2773
word_2774,2774
word_2775,2775
word_2776,2776
word_2777,2777
word_2778,2778
word_2779,2779
word_2780,2780
word_2781,2781
word_2782,2782
word_2783,2783
word_2784,2784
word_2785,2785
word_2786,2786
word_2787,2787
word_2788,2788
word_2789,2789
word_2790,2790
word_2791,2791
word_2792,2792
word_2793,2793
word_2794,2794
word_2795,2795
word_2796,2796
word_2797,2797
word_2798,2798
word_2799,2799
word_2800,2800
word_2801,2801
word_2802,2802
word_2803,2803
word_2804,2804
word_2805,2805
word_2806,2806
word_2807,2807
word_2808,2808
word_2809,2809
word_2810,2810
word_2811,2811
word_2812,2812
word_2813,2813
word_2814,2814
word_2815,2815
word_2816,2816
word_2817,2817
word_2818,2818
word_2819,2819
word_2820,2820
word_2821,2821
word_2822,2822
word_2823,2823
word_2824,2824
word_2825,2825
word_2826,2826
word_2827,2827
word_2828,2828
word_2829,2829
word_2830,2830
word_2831,2831
word_2832,2832
word_2833,2833
word_2834,2834
word_2835,2835
word_2836,2836
word_2837,2837
word_2838,2838
word_2839,2839
word_2840,2840
word_2841,2841
word_2842,2842
word_2843,2843
word_2844,2844
word_2845,2845
word_2846,2846
word_2847,2847
word_2848,2848
word_2849,2849
word_2850,2850
word_2851,2851
word_2852,2852
word_2853,2853
word_2854,2854
word_2855,2855
word_2856,2856
word_2857,2857
word_2858,2858
word_2859,2859
word_2860,2860
word_2861,2861
word_2862,2862
word_2863,2863
word_2864,2864
word_2865,2865
word_2866,2866
word_2867,2867
word_2868,2868
word_2869,2869
word_2870,2870
word_2871,2871
word_2872,2872
word_2873,2873
word_2874,2874
word_2875,2875
word_2876,2876
word_2877,2877
word_2878,2878
word_2879,2879
word_2880,2880
word_2881,2881
word_2882,2882
word_2883,2883
word_2884,2884
word_2885,2885
word_2886,2886
word_2887,2887
word_2888,2888
word_2889,2889
word_2890,2890
word_2891,2891
word_2892,2892
word_2893,2893
word_2894,2894
word_2895,2895
word_2896,2896
word_2897,2897
word_2898,2898
word_2899,2899
word_2900,2900
word_2901,2901
word_2902,2902
word_2903,2903
word_2904,2904
word_2905,2905
word_2906,2906
word_2907,2907
word_2908,2908
word_2909,2909
word_2910,2910
word_2911,2911
word_2912,2912
word_2913,2913
word_2914,2914
word_2915,2915
word_2916,2916
word_2917,2917
word_2918,2918
word_2919,2919
word_2920,2920
word_2921,2921
word_2922,2922
word_2923,2923
word_2924,2924
word_2925,2925
word_2926,2926
word_2927,2927
word_2928,2928
word_2929,2929
word_2930,2930
word_2931,2931
word_2932,2932
word_2933,2933
word_2934,2934
word_2935,2935
word_2936,2936
word_2937,2937
word_2938,2938
word_2939,2939
word_2940,2940
word_2941,2941
word_2942,2942
word_2943,2943
word_2944,2944
word_2945,2945
word_2946,2946
word_2947,2947
word_2948,2948
word_2949,2949
word_2950,2950
word_2951,2951
word_2952,2952
word_2953,2953
word_2954,2954
word_2955,2955
word_2956,2956
word_2957,2957
word_2958,2958
word_2959,2959
word_2960,2960
word_2961,2961
word_2962,2962
word_2963,2963
word_2964,2964
word_2965,2965
word_2966,2966
word_2967,2967
word_2968,2968
word_2969,2969
word_2970,2970
word_2971,2971
word_2972,2972
word_2973,2973
word_2974,2974
word_2975,2975
word_2976,2976
word_2977,2977
word_2978,2978
word_2979,2979
word_2980,2980
word_2981,2981
word_2982,2982
word_2983,2983
word_2984,2984
word_2985,2985
word_2986,2986
word_2987,2987
word_2988,2988
word_2989,2989
word_2990,2990
word_2991,2991
word_2992,2992
word_2993,2993
word_2994,2994
word_2995,2995
word_2996,2996
word_2997,2997
word_2998,2998
word_2999,2999
word_3000,3000
